seed	nn_agent_holdout_rank	ridge_agent_holdout_rank	delta_agent_holdout_rank	nn_broker_holdout_rank	ridge_broker_holdout_rank	delta_broker_holdout_rank	nn_rank_gap	ridge_rank_gap	delta_rank_gap	nn_agent_holdout_r2	ridge_agent_holdout_r2	delta_agent_holdout_r2	nn_broker_holdout_r2	ridge_broker_holdout_r2	delta_broker_holdout_r2	nn_r2_gap	ridge_r2_gap	delta_r2_gap	nn_output_gap	ridge_output_gap	delta_output_gap	nn_outsourcing_rate	ridge_outsourcing_rate	delta_outsourcing_rate	nn_access_fraction	ridge_access_fraction	delta_access_fraction	nn_betweenness	ridge_betweenness	delta_betweenness	nn_mean_degree	ridge_mean_degree	delta_mean_degree
1	0.5229396810506566	0.43424418386491564	-0.08869549718574093	0.8901370544090055	0.8364334896810506	-0.0537035647279549	0.36719737335834896	0.402189305816135	0.034991932457786035	-2.801320563469755	-2.502712870085812	0.2986076933839428	0.6546905056614208	0.4040735924059529	-0.2506169132554679	3.4560110691311747	2.9067864624917648	-0.54922460663941	0.681616068242171	0.6127444480661206	-0.06887162017605042	0.9794886485769473	0.9493523964526263	-0.030136252124321028	0.11188835297992665	0.09994199780240702	-0.01194635517751963	0.8162706190400222	0.7604665852947122	-0.055804033745309956	17.0936	18.43445	1.3408499999999997
2	0.48295506566604135	0.4431981238273922	-0.03975694183864914	0.8779535647279548	0.8368242964352721	-0.04112926829268271	0.3949984990619137	0.3936261726078798	-0.0013723264540339009	-3.6341089933967927	-2.7952354586868147	0.838873534709978	0.7215667662496136	0.5104495526575907	-0.21111721359202285	4.355675759646407	3.305685011344406	-1.049990748302001	0.5703817479896752	0.49255958695980945	-0.07782216102986578	0.9719457058294605	0.9585076846503693	-0.013438021179091209	0.1368363110984447	0.09243516511872597	-0.04440114597971874	0.8142271245888366	0.8121390325043066	-0.00208809208452998	19.279649999999997	18.03935	-1.2402999999999977
3	0.5648247654784241	0.5165352720450281	-0.04828949343339595	0.8743765478424015	0.8131007504690432	-0.06127579737335831	0.3095517823639775	0.2965654784240151	-0.012986303939962418	-2.5819993047767413	-2.29305185839016	0.2889474463865813	0.6726064586994981	0.3810942755930383	-0.29151218310645977	3.2546057634762398	2.6741461339831982	-0.5804596294930415	0.6044766136067459	0.6219133392181274	0.017436725611381543	0.9224324027039236	0.9306055726097048	0.008173169905781208	0.13721664138907716	0.11060857368361347	-0.026608067705463687	0.7505294413363244	0.8174088138887987	0.06687937255247434	20.785199999999996	17.294649999999997	-3.490549999999999
4	0.593953095684803	0.5161733583489682	-0.07777973733583488	0.8488679174484053	0.8439367729831144	-0.00493114446529086	0.25491482176360225	0.3277634146341464	0.07284859287054413	-2.0060291762157547	-2.1961121642109918	-0.19008298799523704	0.5277263546264359	0.5671728423857451	0.039446487759309146	2.53375553084219	2.763285006596737	0.22952947575454719	0.8103846168460322	0.50977316657105	-0.30061145027498226	0.9771757660451532	0.9378633746540055	-0.03931239139114773	0.10702510985870017	0.11751362327750894	0.01048851341880877	0.8255296382739978	0.8176089583722614	-0.007920679901736394	18.5055	18.638650000000002	0.13315000000000055
5	0.47944033771106936	0.45834277673545964	-0.02109756097560972	0.8663730769230771	0.8375413696060038	-0.028831707317073296	0.38693273921200755	0.37919859287054414	-0.00773414634146341	-3.4101156984766012	-2.9265656042256936	0.48355009425090767	0.7260024948327564	0.4566434820754415	-0.2693590127573149	4.136118193309357	3.383209086301135	-0.7529091070082217	0.5479721391042314	0.475987254289808	-0.07198488481442339	0.9601030347860824	0.9593067678975421	-0.0007962668885402868	0.13293132769123045	0.11357624299320054	-0.019355084698029906	0.7817219585153427	0.7821908184680505	0.0004688599527078452	20.008899999999997	18.01845	-1.9904499999999956
6	0.49525243902439026	0.4917037523452157	-0.003548686679174573	0.8827378986866791	0.8032644465290808	-0.07947345215759827	0.3874854596622889	0.311560694183865	-0.07592476547842392	-3.8839760178692773	-2.3935539200072684	1.4904220978620089	0.8355378791390573	0.4376787741606207	-0.39785910497843663	4.719513897008335	2.831232694167889	-1.8882812028404463	0.6951844281109233	0.5991254368706863	-0.09605899124023698	0.9913035402562068	0.9150138279451996	-0.07628971231100723	0.08654790384143177	0.1258589068063838	0.039311002964952046	0.8719120630068591	0.7752100547057672	-0.09670200830109188	15.832399999999998	19.850099999999998	4.0177
7	0.44707814258911827	0.44772035647279546	0.0006422138836771896	0.8633010318949343	0.8037218574108819	-0.05957917448405248	0.41622288930581613	0.3560015009380863	-0.06022138836772983	-4.719688707545097	-3.1536654477452397	1.5660232597998571	0.5259978433750063	0.38320292965477754	-0.1427949137202288	5.245686550920103	3.5368683774000176	-1.7088181735200858	0.5480857398371015	0.38938206356095	-0.1587036762761515	0.9914390698792465	0.9357936287633221	-0.0556454411159244	0.09762914133629488	0.12009697139221642	0.02246783005592154	0.8544759677317124	0.8267961337091745	-0.02767983402253793	17.11595	17.386	0.2700499999999977
8	0.4322346153846155	0.4903759849906192	0.05814136960600369	0.9473949343339589	0.8287926829268292	-0.11860225140712977	0.5151603189493433	0.33841669793621004	-0.1767436210131333	-3.1485819463944575	-2.2012176360241513	0.9473643103703062	0.7951238584621833	0.5293099628506701	-0.26581389561151314	3.9437058048566414	2.7305275988748225	-1.2131782059818188	0.5542669579182349	0.4069247538767387	-0.14734220404149617	0.9874185371786963	0.9387989549764064	-0.0486195822022899	0.1046636943492191	0.12491021508468861	0.02024652073546951	0.8463466293953597	0.7594075916280284	-0.08693903776733125	16.72395	18.989549999999998	2.265599999999999
9	0.5065510318949343	0.4883545966228893	-0.01819643527204501	0.9057384615384617	0.8186294559099438	-0.08710900562851787	0.3991874296435272	0.33027485928705447	-0.06891257035647275	-3.3876852067887313	-2.405234701874192	0.9824505049145391	0.2712163158935522	0.19945326565252935	-0.07176305024102286	3.658901522682284	2.6046879675267225	-1.0542135551555614	0.6693119086897225	0.5258272703396226	-0.14348463835009984	0.9892187193073603	0.9437386234538252	-0.045480095853535074	0.1167052118964214	0.1171904279996792	0.00048521610325780173	0.8280042758282399	0.7814619879586723	-0.0465422878695676	19.128200000000003	17.892449999999997	-1.2357500000000066
10	0.5025000435878484	0.4729370544090056	-0.029562989178842813	0.9284527735137491	0.7775513133208255	-0.1509014601929236	0.4259527299259006	0.30461425891182	-0.12133847101408063	-3.3736646574985185	-2.081856186316869	1.2918084711816493	0.8299014465719177	0.3950721871929628	-0.4348292593789549	4.203566104070436	2.476928373509832	-1.7266377305606042	0.6293707433474582	0.5007144755647847	-0.12865626778267358	0.982969713216028	0.9080849165830298	-0.07488479663299819	0.10927696842477763	0.11423104877858763	0.004954080353809995	0.8260319065124373	0.7725668883987644	-0.05346501811367288	17.7058	19.23685	1.5310500000000005
11	0.5563330206378987	0.46998086303939973	-0.08635215759849896	0.9517305816135083	0.8334531894934335	-0.11827739212007482	0.3953975609756097	0.3634723264540337	-0.031925234521575974	-2.4360533172049275	-2.650588344100118	-0.21453502689519066	0.8692198572389579	0.4132596374948953	-0.4559602197440626	3.3052731744438852	3.0638479815950133	-0.24142519284887198	0.9074964112967396	0.7255658741230471	-0.18193053717369256	0.9882224969998642	0.9401050329483462	-0.048117464051517955	0.10653839546931292	0.11546496876259586	0.008926573293282947	0.790552598172811	0.7292401879718697	-0.06131241020094125	17.462200000000003	17.885650000000002	0.423449999999999
12	0.48859671669793625	0.45546238273921197	-0.03313433395872428	0.890365947467167	0.7945896810506566	-0.09577626641651038	0.40176923076923077	0.33912729831144456	-0.06264193245778621	-3.754951648012068	-2.923475299050446	0.8314763489616221	0.848119313556803	0.4029703027965034	-0.4451490107602996	4.603070961568872	3.3264456018469497	-1.2766253597219226	0.7825592601038628	0.5917806674912603	-0.19077859261260244	0.9778953592932587	0.9378949167926546	-0.04000044250060408	0.0923092520539463	0.1126011451796924	0.0202918931257461	0.8509406462935797	0.815702514887862	-0.03523813140571763	16.526900000000005	18.14645	1.6195499999999967
13	0.5507979362101313	0.535672607879925	-0.0151253283302063	0.9156945590994372	0.7950959662288931	-0.12059859287054409	0.3648966228893058	0.2594233583489681	-0.10547326454033767	-2.689030595797481	-2.0042437849482044	0.6847868108492765	0.8706999139697926	0.3459853720966448	-0.5247145418731478	3.559730509767274	2.3502291570448497	-1.209501352722424	0.7710239883067154	0.6794402656355807	-0.09158372267113468	0.9809852162912636	0.9331943589755485	-0.047790857315715085	0.0993297928574432	0.1162921031711734	0.016962310313730203	0.8204392460003189	0.7807962527982613	-0.039642993202057664	17.27915	18.1678	0.8886499999999984
14	0.5288548780487805	0.4966174484052532	-0.03223742964352733	0.9509463414634147	0.8441809568480299	-0.10676538461538487	0.4220914634146343	0.3475635084427767	-0.0745279549718576	-2.433975317753692	-2.299724526491205	0.13425079126248685	0.8191406280672574	0.576111321936843	-0.2430293061304144	3.25311594582095	2.8758358484280477	-0.37728009739290247	0.6922796016211299	0.6411585596322467	-0.05112104198888323	0.9875633587843394	0.9428294761377476	-0.04473388264659184	0.0997395663422028	0.10154348980955012	0.0018039234673473264	0.8341864170842609	0.7831436626620446	-0.051042754422216285	17.34615	17.80045	0.4542999999999999
15	0.4352917448405253	0.47017223264540337	0.03488048780487807	0.9219680112570355	0.790393339587242	-0.13157467166979353	0.4866762664165103	0.3202211069418387	-0.1664551594746716	-4.131203092553125	-2.7274300200948063	1.403773072458319	0.7907946754786129	0.45694564590934794	-0.333849029569265	4.921997768031739	3.184375666004154	-1.737622102027585	0.5521292990582605	0.4148135511705127	-0.13731574788774775	0.989633359148945	0.9365533412248623	-0.05308001792408268	0.10272252267874944	0.11088639397030309	0.008163871291553645	0.8704708699694705	0.8270734817699339	-0.043397388199536646	17.102850000000004	18.0817	0.9788499999999978
16	0.4602974671669794	0.4550011257035648	-0.005296341463414567	0.8833758911819887	0.8184357410881802	-0.06494015009380849	0.4230784240150093	0.3634346153846154	-0.05964380863039387	-3.7078558842520053	-2.9603752759667463	0.747480608285259	0.7478852530670033	0.489012277902647	-0.25887297516435626	4.455741137319009	3.4493875538693928	-1.0063535834496165	0.5292216775075237	0.5442872587075545	0.015065581200030764	0.9368916516925045	0.947961355503916	0.01106970381141148	0.12980539189753454	0.10474303851784024	-0.0250623533796943	0.7637937668302051	0.7627089331745819	-0.0010848336556231741	20.1347	17.311700000000002	-2.822999999999997
17	0.5299894934333959	0.4731416510318949	-0.056847842401500925	0.8349543151969983	0.7918324577861162	-0.043121857410882036	0.3049648217636022	0.3186908067542214	0.013725984990619222	-3.0774151621589296	-3.0102266024661257	0.0671885596928039	0.5859344578925586	0.2216943400470189	-0.36424011784553967	3.6633496200514886	3.2319209425131445	-0.431428677538344	0.6682024458441614	0.5267851203291365	-0.14141732551502495	0.9818838514193107	0.9296455079009244	-0.0522383435183863	0.10864319045851663	0.11075644046128588	0.002113250002769254	0.8281867243707615	0.7780867509660405	-0.05009997340472094	16.907850000000003	18.250349999999997	1.342499999999994
18	0.5359702626641651	0.4634532833020638	-0.07251697936210133	0.9126511257035649	0.8285820825515948	-0.08406904315197006	0.37668086303939957	0.3651287992495309	-0.011552063789868672	-2.481342504815447	-2.4866683779848153	-0.005325873169368389	0.4849450455362855	0.5213291820194016	0.036384136483116114	2.9662875503517325	3.007997560004217	0.04171000965248428	0.8581935191207763	0.6515427580930353	-0.20665076102774105	0.9910419658546827	0.9565538960276012	-0.034488069827081524	0.09238596717726573	0.11524768935322742	0.02286172217596169	0.8324827060734948	0.7976146156862411	-0.03486809038725369	16.5809	17.97185	1.3909500000000001
19	0.48547542213883677	0.45883564727954973	-0.026639774859287035	0.8632553470919324	0.7807139774859289	-0.08254136960600356	0.3777799249530958	0.32187833020637907	-0.05590159474671674	-3.3774868863367637	-2.454616375112353	0.9228705112244109	-0.289451288997276	0.4159116044557723	0.7053628934530483	3.0880355973394877	2.8705279795681258	-0.21750761777136196	0.5878096887958864	0.4046276373802761	-0.18318205141561028	0.997481269037564	0.9644312551584633	-0.03305001387910067	0.09096140697858546	0.1003724366797781	0.009411029701192647	0.8808175296201476	0.8071517651430563	-0.07366576447709128	15.515899999999998	18.414849999999998	2.8989499999999992
20	0.47196857410881804	0.4198354596622889	-0.05213311444652913	0.9303605065666041	0.8602984052532834	-0.07006210131332069	0.45839193245778603	0.4404629455909945	-0.017928986866791508	-3.3674625717688635	-2.935751698470407	0.4317108732984565	0.7457778141399463	0.5510346235818693	-0.19474319055807698	4.113240385908809	3.4867863220522772	-0.6264540638565319	0.581323409553966	0.4729801648105192	-0.10834324474344681	0.9978764394547	0.9807788876308206	-0.017097551823879398	0.10101205991093427	0.11543670108784668	0.014424641176912403	0.8592557081242724	0.8018838080073978	-0.05737190011687465	16.2519	18.832050000000002	2.5801500000000033
21	0.5873155722326455	0.5517544090056286	-0.03556116322701697	0.9073877110694184	0.8154228893058162	-0.09196482176360221	0.320072138836773	0.26366848030018764	-0.056403658536585355	-2.5858345957018907	-1.8865920427279057	0.699242552973985	0.8039713391933316	0.45397178310893826	-0.34999955608439337	3.3898059348952216	2.340563825836844	-1.0492421090583774	0.7800619934998838	0.6913772797959234	-0.08868471370396036	0.9203335127360214	0.8994934133393478	-0.020840099396673528	0.13813534714586906	0.1225067927320688	-0.01562855441380026	0.7364767517730713	0.7583563897014727	0.02187963792840142	21.76795	18.266550000000002	-3.5013999999999967
22	0.5304775797373359	0.4781067542213885	-0.052370825515947406	0.9312045966228892	0.8279035647279549	-0.10330103189493434	0.4007270168855534	0.3497968105065665	-0.050930206378986875	-2.63408436823114	-2.4086558549325403	0.2254285132985996	0.773413086316797	0.14660301838896603	-0.6268100679278309	3.4074974545479373	2.555258873321506	-0.8522385812264313	0.6968074505254076	0.6178775331671859	-0.07892991735822175	0.9820247681706755	0.9282041372737432	-0.05382063089693234	0.10013088631495197	0.1151107941561796	0.01497990784122763	0.8414822023292665	0.7758066397835258	-0.0656755625457407	16.4619	16.389650000000003	-0.07224999999999682
23	0.4557469981238274	0.4730989681050657	0.01735196998123828	0.8211836772983114	0.8375616322701689	0.016377954971857456	0.365436679174484	0.3644626641651032	-0.0009740150093808242	-4.132433067720606	-2.95709785877699	1.1753352089436158	0.4643011056788316	0.4399283494910254	-0.02437275618780621	4.596734173399436	3.397026208268015	-1.1997079651314206	0.5544585484639042	0.35629203394416664	-0.19816651451973755	0.9924031309585473	0.9555258743946468	-0.03687725656390051	0.0855061146616605	0.11018273193683661	0.024676617275176116	0.8735559282109019	0.8504504441439039	-0.023105484066997972	16.0672	17.383599999999998	1.316399999999998
24	0.5109746716697935	0.5013252345215761	-0.009649437148217421	0.9332151031894936	0.7891783302063788	-0.1440367729831148	0.4222404315196998	0.287853095684803	-0.13438733583489682	-2.9948238538803844	-1.9468307712522517	1.0479930826281327	0.8905479731017092	0.30088293514923825	-0.5896650379524709	3.885371826982093	2.2477137064014903	-1.637658120580603	0.7855698072161802	0.6387298634627645	-0.1468399437534157	0.9829539921486597	0.906625498279045	-0.07632849386961471	0.09817511352328501	0.11900152419641512	0.02082641067313011	0.8127687874648466	0.7185865370915177	-0.09418225037332895	16.70435	18.35535	1.6509999999999998
25	0.451295497185741	0.4563969981238274	0.005101500938086367	0.9534445590994369	0.8529772045028144	-0.10046735459662248	0.502149061913696	0.39658020637898694	-0.10556885553470907	-4.17263390086144	-3.774831983104402	0.39780191775703777	0.8193420384573633	0.3399740710088861	-0.4793679674484772	4.991975939318804	4.114806054113288	-0.8771698852055163	0.5953216290486835	0.4896068101356724	-0.10571481891301104	0.990420755723026	0.9586605495715492	-0.03176020615147679	0.10474117121218933	0.11616795856557464	0.011426787353385315	0.8046320570958541	0.7664035330482772	-0.03822852404757682	17.82145	18.80035	0.978900000000003
26	0.4576534709193246	0.48084737335834904	0.023193902439024416	0.8743881801125705	0.8019167917448404	-0.07247138836773004	0.41673470919324584	0.32106941838649156	-0.09566529080675429	-3.080537365579451	-2.1171433919538196	0.9633939736256312	0.7321048541064281	0.5146431775181635	-0.21746167658826465	3.812642219685879	2.6317865694719824	-1.1808556502138967	0.45455085873771195	0.376294511735482	-0.07825634700222994	0.9707570754436745	0.91627492123606	-0.054482154207614486	0.1287674426825105	0.12309996655209024	-0.0056674761304202625	0.7853009028701411	0.7558433334002439	-0.029457569469897193	20.10455	19.0514	-1.0531499999999987
27	0.48167401500938106	0.44590384615384604	-0.03577016885553502	0.8978200750469044	0.8227435272045028	-0.07507654784240159	0.4161460600375234	0.37683968105065674	-0.039306378986866675	-3.200081722508254	-2.898351530318448	0.3017301921898059	0.7849882814623713	0.5356400352108476	-0.24934824625152374	3.985070003970626	3.433991565529296	-0.5510784384413299	0.47934763306289485	0.4262339193088576	-0.05311371375403723	0.9646553609685415	0.9692875731720937	0.004632212203552144	0.13177637015701374	0.11587721866276024	-0.0158991514942535	0.793559013799711	0.8050091860181514	0.011450172218440358	19.583199999999998	18.9905	-0.5926999999999971
28	0.47899287054409	0.5141969981238274	0.03520412757973734	0.9463908067542214	0.785490243902439	-0.16090056285178234	0.46739793621013137	0.2712932457786115	-0.19610469043151985	-3.661655244699477	-1.9668130512070985	1.6948421934923783	0.9083746623507615	0.3289033571445802	-0.5794713052061813	4.570029907050238	2.295716408351679	-2.2743134986985596	0.6081917541603099	0.47525072270846563	-0.13294103145184427	0.9788744315469735	0.905783242075552	-0.07309118947142146	0.10673394864792615	0.1151761762477392	0.008442227599813043	0.8449252451995894	0.7693112416066935	-0.07561400359289594	18.307350000000003	18.9934	0.686049999999998
29	0.4981864915572233	0.5258069418386492	0.0276204502814259	0.9510035647279549	0.8004991557223265	-0.15050440900562834	0.4528170731707316	0.27469221388367726	-0.17812485928705435	-2.9697958938436164	-1.5521941594300304	1.417601734413586	0.9254441159641402	0.3646006337715528	-0.5608434821925874	3.895240009807756	1.9167947932015834	-1.9784452166061728	0.7092736169438392	0.5244128731378707	-0.1848607438059685	0.9954896524065804	0.9121144246729029	-0.08337522773367745	0.09469395084176789	0.1360611126114314	0.0413671617696635	0.8187635498964104	0.7337089927705461	-0.0850545571258643	16.57	18.951550000000005	2.3815500000000043
30	0.5935547842401501	0.5247767354596623	-0.06877804878048777	0.9103257973733582	0.8614957786116323	-0.04883001876172588	0.3167710131332081	0.3367190431519699	0.019948030018761775	-2.1892082218930007	-1.6968495915755457	0.49235863031745497	0.7172808712552516	0.4431787644533326	-0.27410210680191904	2.9064890931482528	2.140028356028878	-0.7664607371193748	0.7749576058277224	0.680297131911542	-0.09466047391618049	0.9950600918460258	0.9366728481954348	-0.058387243650591	0.1051146262379566	0.09600830219349478	-0.009106324044461822	0.8023621589881007	0.6757586654129027	-0.12660349357519796	17.328500000000002	19.614	2.285499999999999
31	0.5111235459662289	0.43246491557223266	-0.07865863039399623	0.7792746716697937	0.8516727016885554	0.07239803001876166	0.26815112570356475	0.4192077861163228	0.15105666041275806	-2.908252394307423	-2.7739688385012813	0.13428355580614193	-0.6098783699185419	0.5873237172565702	1.1972020871751121	2.2983740243888815	3.3612925557578515	1.06291853136897	0.5451750368994998	0.4823868733057803	-0.06278816359371947	0.9908574754431001	0.9766611309960942	-0.014196344447005904	0.10287873704157768	0.10396139205819221	0.001082655016614531	0.842259325073574	0.8291203311487598	-0.013138993924814213	17.380000000000003	17.9359	0.5558999999999976
32	0.5015722326454034	0.4612780487804877	-0.04029418386491568	0.6279333020637898	0.8516073170731706	0.22367401500938078	0.12636106941838646	0.39032926829268283	0.26396819887429634	-2.909169850287287	-2.758658768575592	0.15051108171169503	-1.7254019709450379	0.5060704550968345	2.231472426041872	1.1837678793422495	3.2647292236724264	2.080961344330177	0.7685392103010568	0.4138077712558054	-0.35473143904525134	0.9982928866535354	0.9834647868376928	-0.014828099815842655	0.09635863219206325	0.1098271579473135	0.013468525755250246	0.8851626845179117	0.81890951584409	-0.0662531686738217	15.476650000000003	18.32585	2.849199999999996
33	0.5377834896810506	0.4873186679174485	-0.05046482176360212	0.8948959662288933	0.7967435272045028	-0.09815243902439053	0.35711247654784256	0.3094248592870543	-0.04768761726078824	-2.696768421801733	-2.0813390864760137	0.6154293353257194	0.21421652565702023	-0.16100816461068068	-0.3752246902677009	2.9109849474587532	1.920330921865333	-0.9906540255934202	0.7106098729009914	0.583563949876658	-0.12704592302433337	0.9807211843049833	0.9266898790940342	-0.05403130521094912	0.10305373050023492	0.1191408122282491	0.01608708172801418	0.8428530085076613	0.7876209262748071	-0.05523208223285425	17.2932	18.2088	0.9156000000000013
34	0.5286188555347092	0.5232799249530957	-0.005338930581613499	0.8576496247654785	0.8337136960600375	-0.023935928705440923	0.3290307692307691	0.3104337711069418	-0.018596998123827313	-2.4596365283968735	-2.433573329892324	0.026063198504549412	0.6535794561416475	0.4766483265978628	-0.17693112954378465	3.113215984538521	2.910221656490187	-0.20299432804833417	0.5154611671849095	0.5203108503085463	0.004849683123636761	0.9118805230055662	0.9426125222669788	0.030731999261412568	0.13372965059235736	0.10946208288488371	-0.024267567707473653	0.7798849394565376	0.8069019105393457	0.027016971082808094	19.7641	17.52835	-2.2357499999999995
35	0.49464043151969983	0.449798592870544	-0.04484183864915581	0.8725045028142588	0.8001143527204503	-0.07239015009380856	0.3778640712945591	0.35031575984990615	-0.027548311444652973	-2.9395241153341725	-3.0007448893680833	-0.061220774033910796	0.7241611190637778	0.32740221788138013	-0.39675890118239765	3.6636852343979505	3.328147107249464	-0.3355381271484865	0.5264959091662715	0.5013246013082414	-0.025171307858030123	0.9348683152314367	0.9481046938354931	0.013236378604056465	0.13930317285350985	0.10998695866178583	-0.02931621419172402	0.729040633300316	0.7899789392239547	0.06093830592363869	20.633200000000002	17.66685	-2.966350000000002
36	0.5035059099437149	0.48001266416510324	-0.02349324577861167	0.856168386491557	0.8079447467166979	-0.048223639774859106	0.35266247654784233	0.3279320825515947	-0.024730393996247657	-2.9861729315275434	-2.8743342086799175	0.11183872284762586	0.6907223506450768	0.4707852683126254	-0.2199370823324514	3.6768952821726204	3.3451194769925428	-0.33177580518007765	0.5308087698613442	0.453105592163332	-0.07770317769801216	0.9609784553651405	0.9606488499862307	-0.000329605378909803	0.12821572772980128	0.11664489790503534	-0.01157082982476594	0.7902204569897753	0.8171372690325172	0.026916812042741878	20.9725	17.92285	-3.0496499999999997
37	0.5026015009380863	0.5019172607879925	-0.0006842401500938289	0.9433819887429642	0.7673678236397748	-0.17601416510318935	0.440780487804878	0.2654505628517824	-0.17532992495309557	-3.899974702924161	-2.0929063159114967	1.8070683870126643	0.808624558707798	0.42520218853662356	-0.3834223701711745	4.708599261631959	2.518108504448121	-2.1904907571838383	0.7054361595484925	0.5981353179680144	-0.10730084158047803	0.9830459594944914	0.9189925612186872	-0.06405339827580414	0.10239473301139008	0.11629733193214797	0.013902598920757889	0.8534725248987154	0.7763394729024068	-0.0771330519963086	16.92955	18.654149999999998	1.7245999999999988
38	0.489221200750469	0.43258170731707324	-0.05663949343339575	0.8523277673545968	0.8223210131332085	-0.03000675422138832	0.36310656660412766	0.3897393058161352	0.02663273921200754	-3.1964171247961106	-2.616275852329937	0.5801412724661734	0.48621245449296147	0.26467034934723815	-0.2215421051457233	3.6826295792890726	2.8809462016771747	-0.8016833776118979	0.5845301338624137	0.5053096483946636	-0.07922048546775007	0.989192272381214	0.956790428881708	-0.03240184349950603	0.10164871563152385	0.11159888628159002	0.009950170650066176	0.8578356541733209	0.8391119988433566	-0.01872365532996423	17.170650000000002	17.187649999999998	0.016999999999995907
39	0.4724374296435272	0.4570904315196997	-0.015346998123827504	0.9163398686679173	0.8074870544090057	-0.10885281425891158	0.4439024390243902	0.35039662288930584	-0.09350581613508435	-3.8286234691824617	-2.3986271276495916	1.42999634153287	0.6557897003064014	0.3806223682410092	-0.2751673320653922	4.484413169488864	2.7792494958906007	-1.7051636735982632	0.6275997264336239	0.48348395963359697	-0.14411576680002697	0.9946063935674856	0.958713435234106	-0.035892958333379577	0.09723058759082928	0.11641731368089639	0.019186726090067108	0.8852628460381007	0.8033760598020783	-0.08188678623602241	15.400400000000001	18.28865	2.8882499999999993
40	0.4406462476547842	0.4630884615384615	0.022442213883677287	0.9005833020637898	0.7914919324577862	-0.10909136960600363	0.4599370544090056	0.32840347091932465	-0.13153358348968097	-3.1207481936036965	-2.3301551530831768	0.7905930405205197	0.8002940373535916	0.5017891578787609	-0.29850487947483073	3.921042230957286	2.8319443109619375	-1.0890979199953486	0.5808886858366443	0.5587638293141405	-0.022124856522503844	0.9718035963345824	0.9390206044377747	-0.03278299189680767	0.1431319476296939	0.11777604585974952	-0.025355901769944372	0.7991679405134142	0.7895528392603572	-0.009615101253056979	20.025	18.67375	-1.3512500000000003
41	0.5334374296435271	0.4083554409005628	-0.12508198874296433	0.9532914634146342	0.8571150093808632	-0.09617645403377106	0.4198540337711069	0.44875956848030024	0.028905534709193326	-2.14617633417881	-2.568020952630418	-0.4218446184516078	0.8791861049277927	0.5187127810272922	-0.36047332390050046	3.025362439106602	3.0867337336577103	0.061371294551108235	0.7675718027610088	0.6433004149144047	-0.12427138784660408	0.9806639062354794	0.9652998288422265	-0.01536407739325285	0.10691291201118544	0.11861155125514242	0.011698639243956976	0.7717306987641418	0.7411502754364312	-0.030580423327710604	18.88625	18.098950000000002	-0.7872999999999983
42	0.5111321763602251	0.44132467166979356	-0.06980750469043157	0.9121081613508443	0.8180318949343341	-0.09407626641651012	0.40097598499061915	0.37670722326454054	-0.024268761726078614	-3.5159868828479603	-2.218265022250981	1.2977218605969791	0.7952574428810439	0.1689865763202547	-0.6262708665607892	4.311244325729005	2.387251598571237	-1.923992727157768	0.6142143217289069	0.4251795665218047	-0.18903475520710217	0.9933724704512903	0.9519124460620592	-0.04146002438923113	0.10342813490116361	0.11050420192382657	0.00707606702266296	0.8605820461207484	0.793488736844117	-0.06709330927663137	17.5056	19.33685	1.8312499999999972
43	0.43974596622889306	0.45590450281425887	0.016158536585365812	0.9553192307692306	0.8209429643527205	-0.13437626641651013	0.5155732645403377	0.3650384615384616	-0.1505348030018761	-4.027859341575296	-2.4349953595915226	1.5928639819837738	0.8812521842736454	0.5057409433146911	-0.3755112409589543	4.909111525848942	2.940736302906214	-1.9683752229427283	0.4817883680147956	0.38653897511796304	-0.09524939289683254	0.996942432109849	0.9505378379097904	-0.0464045942000586	0.09972397502276155	0.12351786056793841	0.023793885545176863	0.8775613048777096	0.7993936657413396	-0.07816763913636993	16.472199999999997	18.293499999999998	1.8213000000000008
44	0.5011693245778612	0.5177063789868668	0.016537054409005547	0.8738236397748592	0.8101984990619137	-0.06362514071294556	0.3726543151969981	0.2924921200750469	-0.08016219512195122	-2.9705316624531664	-2.141472658712542	0.8290590037406242	0.6809281088544028	0.3564966095810084	-0.32443149927339443	3.651459771307569	2.49796926829355	-1.153490503014019	0.636407917672923	0.5933938611939903	-0.04301405647893275	0.9700074740873402	0.9222540754940768	-0.04775339859326344	0.12549795846699005	0.12391203451875836	-0.0015859239482316906	0.810322017568579	0.7889923904096259	-0.021329627158953146	18.1456	18.8054	0.659799999999997
45	0.4793330206378987	0.4895161350844277	0.010183114446529029	0.9725351782363976	0.8140329268292683	-0.15850225140712926	0.49320215759849917	0.3245167917448405	-0.16868536585365868	-3.0174878348516865	-1.8214906330046499	1.1959972018470366	0.9456815499172638	0.5128032418802574	-0.43287830803700644	3.9631693847689506	2.3342938748849074	-1.6288755098840433	0.6746337760052636	0.4805350075785494	-0.19409876842671425	0.9864393258963048	0.9132993485504315	-0.0731399773458733	0.09985865931241111	0.11905351459952496	0.019194855287113843	0.8417332368418169	0.7355044216259562	-0.1062288152158607	17.160700000000002	19.341900000000003	2.1812000000000005
46	0.5240697936210131	0.5553975609756098	0.031327767354596636	0.8775377110694184	0.7458920262664166	-0.13164568480300176	0.3534679174484052	0.19049446529080674	-0.16297345215759848	-2.651621917731519	-1.391396295994212	1.2602256217373067	0.7708651562730807	0.35619599974307803	-0.4146691565300027	3.422487074004599	1.7475922957372902	-1.674894778267309	0.6959702586391614	0.6269089778394801	-0.06906128079968132	0.9827792347863296	0.87772564288778	-0.10505359189854957	0.11469136722688303	0.13199654894691906	0.017305181720036034	0.8423463101281146	0.7651705076244839	-0.07717580250363065	17.391550000000002	20.34945	2.9578999999999986
47	0.5773825515947468	0.4996648217636023	-0.07771772983114456	0.9402795497185741	0.8249482176360224	-0.11533133208255164	0.3628969981238272	0.3252833958724203	-0.03761360225140692	-2.3119936269857875	-1.851527766501313	0.46046586048447447	0.7643438700124674	0.4783598971457204	-0.285983972866747	3.0763374969982547	2.3298876636470336	-0.7464498333512211	0.897173854335518	0.6738091326476935	-0.2233647216878245	0.995614127987271	0.9408175313708218	-0.0547965966164492	0.09387438588974409	0.1050319572563386	0.01115757136659451	0.8750558872712364	0.8156964404229881	-0.05935944684824834	15.953100000000001	18.46665	2.5135500000000004
48	0.43999634146341454	0.46609315196998125	0.026096810506566703	0.9353595684803004	0.7531800187617261	-0.1821795497185743	0.4953632270168856	0.2870868667917449	-0.20827636022514073	-4.290103433434732	-2.4414153067326527	1.8486881267020792	0.8368319289446713	0.036117681871590465	-0.8007142470730808	5.126935362379404	2.4775329886042434	-2.649402373775161	0.5890161733839113	0.4236524957896496	-0.16536367759426174	0.9840532607815536	0.9122935421905431	-0.07175971859101049	0.10226440141306974	0.11439536954081105	0.01213096812774131	0.8084764407299831	0.7591424363873823	-0.04933400434260082	18.827250000000003	17.518850000000004	-1.308399999999999
49	0.47734643527204507	0.4675525328330207	-0.009793902439024393	0.9321833958724204	0.8067429643527205	-0.12544043151969986	0.4548369606003752	0.33919043151969985	-0.11564652908067535	-3.566880901961672	-2.7604372088246603	0.8064436931370116	0.8588284008129387	0.5076172628784283	-0.3512111379345103	4.425709302774609	3.2680544717030893	-1.15765483107152	0.5783355479958587	0.5534800386286032	-0.024855509367255557	0.9868804638817037	0.9511978141060438	-0.035682649775659936	0.10371398630844766	0.11398496362433982	0.01027097731589216	0.8303354076039389	0.7754218139904718	-0.05491359361346704	17.9239	19.37415	1.4502500000000005
50	0.5601228893058161	0.5266679174484052	-0.033454971857410865	0.8388265478424015	0.787592589118199	-0.051233958724202555	0.2787036585365853	0.2609246716697936	-0.01777898686679169	-2.422885667877499	-1.54285238332631	0.8800332845511891	0.6337275689018351	0.3830531914414613	-0.2506743774603738	3.0566132367793344	1.925905574767771	-1.1307076620115635	0.8732483919221684	0.5428926874320696	-0.33035570449009877	0.983831850346059	0.897206979476046	-0.08662487087001303	0.10074853196306591	0.12014112955866454	0.019392597595598637	0.8256252841495083	0.7019136856884585	-0.12371159846104984	16.59375	20.40905	3.8153000000000006
