result_reldir	rho	eta	delta	N	nn_agent_holdout_rank	ridge_agent_holdout_rank	nn_broker_holdout_rank	ridge_broker_holdout_rank	nn_rank_gap	ridge_rank_gap	nn_agent_holdout_r2	ridge_agent_holdout_r2	nn_broker_holdout_r2	ridge_broker_holdout_r2	nn_r2_gap	ridge_r2_gap	nn_output_gap	ridge_output_gap	nn_outsourcing_rate	ridge_outsourcing_rate	nn_access_fraction	ridge_access_fraction	nn_betweenness	ridge_betweenness	nn_mean_degree	ridge_mean_degree	delta_agent_holdout_rank	delta_broker_holdout_rank	delta_rank_gap	delta_agent_holdout_r2	delta_broker_holdout_r2	delta_r2_gap	delta_output_gap	delta_outsourcing_rate	delta_access_fraction	delta_betweenness	delta_mean_degree
oat/N=1500	0.5	0.02	0.5	1500	0.48275781894934333	0.4605824249530957	0.8998612945590996	0.8015616463414634	0.41710347560975614	0.3409792213883677	-3.962434071935319	-2.7185343906694275	0.7230857396555825	0.4071161362094598	4.685519811590901	3.125650526878887	0.6497081315980502	0.5324177477282726	0.9808013144634794	0.9325322629728108	0.11326601691989487	0.1244215835796069	0.8613820279150273	0.8089533619871643	18.00072666666667	19.05744166666667	-0.022175393996247628	-0.09829964821763615	-0.07612425422138841	1.2438996812658916	-0.31596960344612274	-1.5598692847120144	-0.11729038386977764	-0.048269051490668624	0.01115556665971204	-0.052428665927862994	1.0567150000000005
oat/N=500	0.5	0.02	0.5	500	0.5278780884359543	0.4929506285178237	0.9052318627646068	0.8031226641651031	0.37735377432865236	0.3101720356472796	-2.3860837218833786	-2.05394240732289	0.5040656383756658	0.4011230435864023	2.8901493602590445	2.455065450909292	0.6270334397530493	0.5062131887064111	0.9670743520737004	0.9312978621780132	0.11763007276321406	0.10152163421865876	0.7171287393296562	0.716029487826669	18.57981	17.002934999999997	-0.03492745991813062	-0.10210919859950363	-0.06718173868137278	0.3321413145604888	-0.10294259478926349	-0.4350839093497525	-0.12082025104663818	-0.03577648989568716	-0.016108438544555306	-0.0010992515029871752	-1.5768750000000011
oat/delta=0.0	0.5	0.02	0.0	1000	0.5236137166540389	0.4594645075046905	0.9498468798371587	0.9830890900562853	0.42623316318311966	0.5236245825515946	-2.199850786636312	-2.4749801464154357	0.8286450194820478	0.7336957981499489	3.02849580611836	3.2086759445653845	0.5379856300569524	0.5462220009705732	0.9840484120704514	0.984999543835616	0.1105313878477688	0.10124393166353456	0.805949617054134	0.806990682017547	18.138430000000003	16.808687499999998	-0.06414920914934841	0.033242210219126656	0.09739141936847495	-0.27512935977912356	-0.09494922133209893	0.18018013844702452	0.008236370913620727	0.0009511317651647033	-0.009287456184234238	0.001041064963412941	-1.3297425000000054
oat/delta=0.25	0.5	0.02	0.25	1000	0.5099379502814259	0.4491126048003487	0.9400637288930584	0.9206359788314666	0.43012577861163226	0.4715233740311179	-2.659319698055627	-2.528687921482764	0.7917928709352966	0.7036291464057947	3.4511125689909234	3.232317067888558	0.5905827983447761	0.5474174438410351	0.9799852721856237	0.971501305998617	0.12097634922305076	0.10583191294331314	0.8030431216854653	0.8102346071090585	19.034975	17.1795525	-0.06082534548107715	-0.01942775006159181	0.04139759541948562	0.13063177657286307	-0.08816372452950194	-0.21879550110236545	-0.04316535450374104	-0.008483966187006753	-0.01514443627973762	0.007191485423593158	-1.8554224999999995
oat/delta=0.75	0.5	0.02	0.75	1000	0.48031451219512195	0.4611806425891182	0.8000729924953095	0.7123033255159474	0.31975848030018766	0.2511226829268293	-3.838390949968507	-2.742911627364193	0.07058811950883528	0.028245184719241773	3.908979069477342	2.7711568120834342	0.7178607916889285	0.5186812483379677	0.9675065600624745	0.9053079674071831	0.10532096477025499	0.11910834981049685	0.8273514306613163	0.7682554348595528	17.158252500000003	18.771642500000002	-0.019133869606003773	-0.08776966697936206	-0.06863579737335834	1.095479322604314	-0.042342934789593514	-1.1378222573939079	-0.19917954335096077	-0.062198592655291374	0.013787385040241865	-0.0590959958017635	1.613389999999999
oat/delta=1.0	0.5	0.02	1.0	1000	0.4153665478424015	0.4180030769230769	0.7442084099437147	0.5853480300187618	0.3288418621013133	0.1673449530956848	-4.457771752045766	-2.9261930199224446	-0.763230948774957	-0.3067405933662736	3.694540803270809	2.619452426556171	0.8006499755994522	0.4915273186491632	0.9609738400431624	0.8512149981914531	0.10828108404454033	0.12904131727912221	0.818434749339626	0.7398433577666562	17.3079475	19.403312500000006	0.0026365290806754094	-0.15886037992495294	-0.16149690900562846	1.5315787321233216	0.45649035540868343	-1.0750883767146378	-0.30912265695028895	-0.10975884185170937	0.020760233234581885	-0.0785913915729698	2.0953650000000046
oat/eta=0.0	0.5	0.0	0.5	1000	0.5657278893058162	0.5992829127579736	0.8776847514071295	0.8220481238273921	0.3119568621013134	0.2227652110694184	-4.140038610296811	-1.5343261069565204	0.21242711502980383	0.44519825615033276	4.352465725326615	1.979524363106853	-0.20620444814361777	-0.3568435820524679	0.5495414645735979	0.5772745539820481	0.008632224961024212	0.0041997612595882925	0.10887139133341925	0.2018758542159791	85.5781525	68.7733475	0.03355502345215744	-0.05563662757973742	-0.089191651031895	2.605712503340291	0.23277114112052893	-2.372941362219762	-0.15063913390885014	0.027733089408450207	-0.00443246370143592	0.09300446288255984	-16.804805
oat/eta=0.001	0.5	0.001	0.5	1000	0.552841425891182	0.5820142870544089	0.8665810647279548	0.8213176876172608	0.31373963883677297	0.23930340056285182	-4.230738208104623	-1.6701265341731442	-0.1487000110568671	0.4407968014846861	4.082038197047757	2.110923335657831	-0.0914318794318468	-0.2230157180502347	0.6786210927814764	0.6729169096297755	0.02325559703857501	0.014188408120410449	0.271379908086801	0.3569841385120206	60.36472000000001	48.78897	0.029172861163226926	-0.04526337711069406	-0.07443623827392115	2.560611673931479	0.5894968125415532	-1.9711148613899256	-0.1315838386183879	-0.005704183151700959	-0.009067188918164562	0.08560423042521959	-11.575750000000014
oat/eta=0.01	0.5	0.01	0.5	1000	0.5149546388367731	0.5066916041275797	0.8738665150093808	0.8193235787992494	0.3589118761726079	0.3126319746716697	-3.3558782060300714	-2.3591254642284203	0.05475801006880641	0.4178880299072363	3.410636216098878	2.7770134941356566	0.5140747100015801	0.44594487710372865	0.9419987798455057	0.9123047453215827	0.07560003420992792	0.06589670156979605	0.7380590655139252	0.7412725943117506	23.31872	20.8443875	-0.008263034709193318	-0.0545429362101314	-0.04627990150093819	0.9967527418016511	0.36313001983842985	-0.6336227219632216	-0.06812983289785146	-0.029694034523923052	-0.009703332640131873	0.003213528797825438	-2.474332499999999
oat/eta=0.03	0.5	0.03	0.5	1000	0.4975331660412758	0.4367162101313321	0.8954389915572234	0.8199593151969982	0.39790582551594744	0.38324310506566606	-2.8458518330955553	-2.827543174412055	0.6425460282725488	0.4336594339797027	3.488397861368104	3.261202608391758	0.6772453189816905	0.5796912634874101	0.9827726776103052	0.9631677609949172	0.1495972213870735	0.15447187599439108	0.8410112033981616	0.8163014201858406	16.5585975	16.67744	-0.06081695590994368	-0.07547967636022523	-0.014662720450281386	0.0183086586835004	-0.20888659429284612	-0.22719525297634613	-0.09755405549428042	-0.01960491661538799	0.004874654607317591	-0.02470978321232098	0.11884249999999952
oat/k=12	0.5	0.02	0.5	1000	0.5170077861163227	0.4871891228893058	0.8886467401500937	0.8201948123827393	0.3716389540337711	0.33300568949343345	-2.9889148881292855	-2.405567232796696	0.43398578413798905	0.42673911517435925	3.4229006722672737	2.8323063479710555	0.6298812663386977	0.520202507509202	0.9649422915577223	0.9298662247656451	0.11891208324804911	0.11526186168273322	0.763461949887668	0.7426689339128656	21.493672499999995	21.080819999999996	-0.029818663227016873	-0.06845192776735443	-0.038633264540337664	0.5833476553325894	-0.007246668963629799	-0.5905943242962182	-0.10967875882949563	-0.0350760667920772	-0.0036502215653158865	-0.02079301597480243	-0.4128524999999996
oat/k=4	0.5	0.02	0.5	1000	0.5086477673545965	0.4605334333958725	0.8988785834896811	0.8218354924953097	0.3902308161350844	0.36130205909943713	-3.085414740326896	-2.714879122148496	0.6781192022722542	0.44116730018656247	3.7635339425991496	3.1560464223350593	0.6547057322789388	0.547314862417181	0.9725951116760774	0.9539969408693064	0.11307452651062726	0.11244920310695132	0.8278911297853687	0.8107492516364934	17.277545000000003	17.375017500000002	-0.048114333958724	-0.07704309099437134	-0.02892875703564729	0.37053561817839986	-0.23695190208569172	-0.6074875202640904	-0.10739086986175783	-0.018598170806770953	-0.000625323403675937	-0.017141878148875356	0.09747249999999852
oat/n_strangers=0	0.5	0.02	0.5	1000	0.4866376641651032	0.42084983583489677	0.8749400984990621	0.8163106660412758	0.3883024343339587	0.395460830206379	-3.203857503364559	-3.020134364507131	0.4083340970291192	0.42622253919328906	3.612191600393679	3.446356903700419	0.6582445507189176	0.5901417459676693	0.9759039048813387	0.9577515533452697	0.10759950833566312	0.11584221592911696	0.8301323509713716	0.8040857486227095	17.19869	17.543727499999996	-0.06578782833020641	-0.05862943245778629	0.007158395872420287	0.1837231388574283	0.01788844216416985	-0.1658346966932598	-0.0681028047512483	-0.018152351536068978	0.008242707593453844	-0.026046602348662073	0.34503749999999656
oat/n_strangers=50	0.5	0.02	0.5	1000	0.5093503752345216	0.48125378986866785	0.8974640900562851	0.8169052439024389	0.3881137148217636	0.33565145403377106	-3.153849440689207	-2.498785080938643	0.5954035659891989	0.42900456923528996	3.749253006678405	2.927789650173933	0.6730233752321827	0.530382205859466	0.9847484114253142	0.9486941237693062	0.10893870774437416	0.11317523472998632	0.8200497947870475	0.7912888847579941	18.347095	18.511657500000002	-0.0280965853658538	-0.08055884615384623	-0.05246226078799254	0.6550643597505639	-0.1663989967539089	-0.8214633565044718	-0.14264116937271665	-0.036054287656008044	0.004236526985612166	-0.028760910029053455	0.1645625000000024
oat/reservation_frac=0.4	0.5	0.02	0.5	1000	0.4989323968105065	0.4666897138836773	0.8960490009380863	0.818356777673546	0.3971166041275797	0.35166706378986873	-3.2424637322950978	-2.6277409742694133	0.5547974420717284	0.41843450975568103	3.797261174366826	3.046175484025094	0.675853318391779	0.554074561506668	0.9801991435579567	0.9433354814953179	0.11182311715381896	0.11218335924105272	0.8195603068065053	0.7863774726712192	18.004160000000002	18.091879999999996	-0.03224268292682919	-0.07769222326454028	-0.04544954033771098	0.6147227580256844	-0.1363629323160474	-0.751085690341732	-0.12177875688511097	-0.0368636620626388	0.0003602420872337586	-0.03318283413528611	0.0877199999999938
oat/reservation_frac=0.9	0.5	0.02	0.5	1000	0.5192938602251408	0.4768936772983114	0.8903309427767354	0.8139854455909944	0.37103708255159473	0.33709176829268295	-3.0569948702046923	-2.5238933235428154	0.5957701972740205	0.4176544383391104	3.6527650674787124	2.9415477618819263	0.6218146685082633	0.5488366495905898	0.9523754325188241	0.9414219233624198	0.1126659458000883	0.11256651854821867	0.8075268070682775	0.7934760994548972	18.007315	17.849145	-0.0424001829268294	-0.07634549718574102	-0.033945314258911785	0.5331015466618769	-0.17811575893491005	-0.7112173055967861	-0.07297801891767353	-0.01095350915640425	-9.942725186963541e-5	-0.014050707613380342	-0.15816999999999837
oat/reservation_frac=1.2	0.5	0.02	0.5	1000	0.5238742166979363	0.5213587148217635	0.816175487804878	0.8196671013133209	0.2923012711069418	0.2983083864915573	-3.1550822298716232	-2.0530428291902343	-1.487597611443947	0.37177995727263374	1.6674846184276757	2.4248227864628684	0.5166821910850519	0.40436447917726215	0.9164053748502615	0.8534900414613625	0.12052835515940079	0.1218845926922967	0.8046358041307424	0.7660586011965949	17.415205	16.932160000000003	-0.0025155018761727765	0.003491613508442848	0.006007115384615458	1.102039400681389	1.8593775687165808	0.7573381680351927	-0.11231771190778972	-0.06291533338889899	0.001356237532895918	-0.03857720293414757	-0.48304499999999706
oat/rho=0.0	0.0	0.02	0.5	1000	0.5900877204502814	0.47301045028142596	0.7216807129455909	0.8174023686679174	0.1315929924953096	0.3443919183864916	-2.276064429098196	-2.913040645549988	-1.4630959025495522	0.33935246720311235	0.8129685265486437	3.2523931127531007	1.180223124198163	0.9402790213098108	0.9879319473421866	0.9645484806338362	0.09763135063874359	0.11213014706904567	0.8529538863535674	0.811903790671981	16.343197499999995	17.773035	-0.11707727016885539	0.09572165572232649	0.212798925891182	-0.6369762164517923	1.8024483697526645	2.4394245862044572	-0.23994410288835233	-0.023383466708350342	0.01449879643030208	-0.04105009568158635	1.429837500000005
oat/rho=0.3	0.3	0.02	0.5	1000	0.5375497607879925	0.46695524134402183	0.7693060084427767	0.8136450772736747	0.23175624765478425	0.34668983592965297	-2.8908756713522736	-2.8643961473325588	-1.1648839929518409	0.34558491945334435	1.7259916784004332	3.209981066785903	0.8242797603466728	0.6755046484145696	0.989056911752621	0.9558007210078898	0.10217162739078031	0.11058718135930104	0.8461343875115788	0.8053975942663121	16.7574725	17.6652825	-0.07059451944397072	0.044339068830898	0.11493358827486871	0.026479524019714873	1.510468912405185	1.4839893883854698	-0.14877511193210324	-0.033256190744731184	0.008415553968520728	-0.04073679324526669	0.9078100000000013
oat/rho=0.5	0.5	0.02	0.5	1000	0.5028612691644399	0.47853972420262664	0.8951864757329392	0.814034052532833	0.39232520656849923	0.33549432833020637	-3.1578370164812775	-2.4228024709113627	0.6319685219730441	0.4026064273571562	3.7898055384543223	2.8254088982685186	0.6516747249368524	0.5302837976638357	0.9786554897209796	0.938598003963518	0.10913206254807697	0.11442324338034006	0.825378621638429	0.7826363487603197	17.798185	18.396545	-0.024321544961813213	-0.08115242320010618	-0.05683087823829286	0.7350345455699148	-0.2293620946158879	-0.9643966401858037	-0.1213909272730167	-0.0400574857574616	0.005291180832263084	-0.04274227287810928	0.5983599999999996
oat/rho=0.7	0.7	0.02	0.5	1000	0.46101294090056283	0.46467443714821766	0.9495586679174484	0.8616609521575986	0.4885457270168855	0.39698651500938087	-3.534972752203212	-2.261877418916731	0.7906613829153435	0.5733873537576827	4.325634135118556	2.835264772674414	0.5222647306181096	0.4319759438241221	0.977614769138796	0.9270915245858597	0.1290327742416237	0.12243997246743868	0.7416296605988353	0.7133013711141922	20.10393	19.258385	0.0036614962476548274	-0.08789771575984973	-0.09155921200750461	1.2730953332864807	-0.2172740291576608	-1.4903693624441425	-0.09028878679398755	-0.05052324455293622	-0.006592801774185031	-0.028328289484643054	-0.8455449999999978
oat/rho=0.85	0.85	0.02	0.5	1000	0.43948480769230774	0.4101787429643527	0.9419602767354597	0.9454198170731708	0.502475469043152	0.5352410741088179	-3.98793646962185	-2.561957661939501	0.559539205710274	0.6613586058653542	4.547475675332125	3.2233162678048557	0.40132077097832786	0.35577050537264826	0.9569050384426327	0.932452031742398	0.1731004253479472	0.14048630001652537	0.3939594076372929	0.3768036847900484	24.908939999999998	20.905535	-0.02930606472795505	0.00345954033771112	0.03276560506566595	1.4259788076823492	0.10181940015508018	-1.3241594075272691	-0.045550265605679596	-0.02445300670023476	-0.03261412533142183	-0.017155722847244537	-4.003404999999997
oat/rho=1.0	1.0	0.02	0.5	1000	0.45445872889305816	0.2919946529080676	0.9236673264540338	0.9842761397748593	0.4692085975609757	0.6922814868667917	-3.2877537224007347	-3.5710233136586176	-0.07568510834793286	0.45826347184190697	3.2120686140528023	4.029286785500526	0.3786035639005575	0.43023582341589883	0.9545380287712047	0.9841970324572552	0.17050805682771442	0.1538152699111828	0.12797887515542256	0.1403586080990143	25.127647500000002	23.3579675	-0.16246407598499057	0.06060881332082546	0.22307288930581598	-0.28326959125788287	0.5339485801898398	0.8172181714477236	0.05163225951534134	0.029659003686050456	-0.016692786916531616	0.012379732943591737	-1.769680000000001
oat/roster_frac=0.1	0.5	0.02	0.5	1000	0.5097639681050656	0.4730339258911821	0.9035008161350845	0.8187660225140714	0.39373684803001874	0.3457320966228893	-3.1036111785856972	-2.5660748924520025	0.7023840658374956	0.4310284051576585	3.805995244423193	2.9971032976096614	0.6401018818589983	0.5403473437431873	0.9673953782685929	0.9425282693654264	0.11345737576206556	0.11269287319507518	0.8053321972194338	0.7829570886311304	18.2726175	17.9897025	-0.03673004221388354	-0.0847347936210131	-0.04800475140712945	0.5375362861336948	-0.2713556606798371	-0.8088919468135316	-0.09975453811581103	-0.024867108903166457	-0.0007645025669903854	-0.022375108588303383	-0.28291499999999914
oat/roster_frac=0.4	0.5	0.02	0.5	1000	0.5096213508442778	0.4723337851782364	0.8827177345215761	0.822390342401501	0.37309638367729836	0.35005655722326456	-3.105334917621118	-2.5744265269211914	0.3727230619362218	0.4283600622159313	3.4780579795573403	3.002786589137123	0.6457419846849733	0.5542360284691419	0.9770509672010069	0.9487219355642544	0.1093351791273572	0.1129925352199399	0.8283031336859681	0.8042110356833216	17.696495000000006	17.9879	-0.03728756566604147	-0.060327392120075096	-0.023039826454033796	0.5309083906999263	0.055637000279709525	-0.47527139042021727	-0.09150595621583146	-0.02832903163675249	0.003657356092582706	-0.024092098002646445	0.2914049999999939
phase/eta_N/cells/0_0	0.5	0.0	0.5	500	0.5876359052532834	0.6122604362101314	0.790176632270169	0.7924456050656661	0.20254072701688552	0.1801851688555347	-3.1622015726862878	-1.1317340220259946	-10.049324093191355	0.3543576043785944	-6.887122520505069	1.4860916264045891	-0.2019059310797811	-0.3555170092735563	0.5476516286818631	0.5774890997991966	0.007396064579186272	0.00379415842431056	0.06771385720688283	0.1318857580344401	71.97599000000001	61.31892999999999	0.024624530956848023	0.002268972795497093	-0.02235555816135082	2.030467550660293	10.403681697569949	8.373214146909659	-0.15361107819377517	0.02983747111733348	-0.003601906154875712	0.06417190082755728	-10.657060000000023
phase/eta_N/cells/0_2	0.5	0.0	0.5	1500	0.5428236303939963	0.6039116979362102	0.9032049343339585	0.8032598592870543	0.3603813039399624	0.19934816135084427	-5.5322037094647865	-1.5057450334107305	0.5626325308783684	0.41654267075725687	6.094836240343154	1.9222877041679873	-0.20494138908886286	-0.3486462183407871	0.5510584596943893	0.5702169688756735	0.005205076915155207	0.005382048353891907	0.14865987073207615	0.23472105151383946	90.09655166666667	74.41684166666667	0.061088067542213964	-0.0999450750469042	-0.16103314258911816	4.026458676054056	-0.14608986012111153	-4.172548536175167	-0.1437048292519242	0.019158509181284256	0.00017697143873669947	0.08606118078176331	-15.67971
phase/eta_N/cells/1_0	0.5	0.001	0.5	500	0.5694604174484053	0.6041830769230769	0.7946470637898686	0.8006817260787994	0.2251866463414634	0.19649864915572232	-3.3199976642180657	-1.1571248131044753	-8.931582406200713	0.38839299600650296	-5.611584741982645	1.5455178091109782	-0.09241134853154334	-0.22672911617262154	0.6536618921927053	0.6574291858352963	0.022406058757989292	0.012644444440785971	0.17800834484746894	0.25292031695551925	54.01825499999999	45.333535	0.03472265947467168	0.006034662288930792	-0.028687997185741082	2.1628728511135904	9.319975402207216	7.157102551093623	-0.1343177676410782	0.0037672936425909853	-0.009761614317203321	0.07491197210805031	-8.684719999999992
phase/eta_N/cells/1_2	0.5	0.001	0.5	1500	0.5229120303883109	0.5861300984990618	0.88898816120871	0.8036900844277672	0.3660761308203991	0.2175599859287054	-5.681837018503448	-1.6608159487426515	0.5967777999876365	0.4271463097439486	6.278614818491085	2.0879622584866	-0.10872808393948907	-0.20191616981505947	0.6836376466144721	0.6624608895078772	0.019132180519690435	0.017213897557387087	0.33527168404959123	0.39413207371349157	62.81435666666666	52.771258333333336	0.06321806811075092	-0.08529807678094281	-0.14851614489169368	4.021021069760797	-0.16963149024368784	-4.190652560004485	-0.0931880858755704	-0.021176757106594946	-0.0019182829623033484	0.05886038966390034	-10.043098333333326
phase/eta_N/cells/2_0	0.5	0.01	0.5	500	0.5392920731707317	0.5511851782363977	0.8606213414634146	0.8000023076923076	0.32132926829268293	0.24881712945590997	-2.5993579891785736	-1.5669478584684315	-2.345645053811416	0.3976997658651844	0.2537129353671571	1.9646476243336157	0.48239009225604035	0.42728633582226205	0.9323570889826474	0.8782749420060713	0.07814571928869075	0.061707668125460725	0.6251068468965995	0.6360839078190448	22.969935000000003	20.402355	0.011893105065665988	-0.060619033771107	-0.07251213883677296	1.032410130710142	2.7433448196766004	1.7109346889664585	-0.055103756433778295	-0.054082146976576095	-0.01643805116323003	0.010977060922445325	-2.567580000000003
phase/eta_N/cells/2_2	0.5	0.01	0.5	1500	0.49375746247654784	0.5037628236397749	0.8891923170731708	0.8090061772983115	0.39543485459662286	0.3052433536585366	-4.4780322207649155	-2.40735115399873	0.44081317323330416	0.42261308263887587	4.918845393998219	2.829964236637606	0.5170191763606179	0.45962229547371913	0.9545125063680621	0.8985209032709072	0.06991848541277469	0.07397022773801741	0.8143751205840605	0.76141921524116	21.5039	22.411873333333336	0.010005361163227033	-0.08018613977485933	-0.09019150093808626	2.0706810667661855	-0.018200090594428286	-2.088881157360613	-0.05739688088689876	-0.055991603097154896	0.004051742325242719	-0.05295590534290051	0.9079733333333344
phase/eta_N/cells/4_0	0.5	0.03	0.5	500	0.5100256238273921	0.4649810834896811	0.8887300515947467	0.806462969043152	0.37870442776735463	0.3414818855534709	-2.2762775933447776	-2.188364059367621	-1.0005471114891127	0.4068442489340932	1.2757304818556643	2.5952083083017143	0.6386242503729331	0.5445611086424131	0.9815660561680726	0.9532626474029364	0.15409681099592928	0.13996994907742993	0.7570172562691041	0.7423014692781678	16.612565	15.895315	-0.04504454033771105	-0.08226708255159476	-0.037222542213883714	0.08791353397715662	1.407391360423206	1.31947782644605	-0.09406314173052	-0.02830340876513615	-0.01412686191849935	-0.014715786990936341	-0.7172499999999999
phase/eta_N/cells/4_2	0.5	0.03	0.5	1500	0.4901387643318741	0.4258326735459662	0.8940773066026114	0.8031426454033772	0.40393854227073733	0.37730997185741094	-3.3919456573529994	-3.0061965458922133	0.7251233801834154	0.42940841020245457	4.117069037536414	3.435604956094668	0.6694476574051736	0.566210188143366	0.9858001603863332	0.9527552290966039	0.1509013656397047	0.16998646350919547	0.8772176711385654	0.8384007569256502	16.577143333333332	17.42845833333333	-0.06430609078590788	-0.09093466119923421	-0.02662857041332639	0.38574911146078605	-0.2957149699809608	-0.6814640814417459	-0.10323746926180766	-0.033044931289729296	0.01908509786949078	-0.03881691421291522	0.8513149999999996
phase/eta_r/cells/0_0	0.5	0.0	0.5	1000	0.5615150656660413	0.5993224671669793	0.8795883255159476	0.8206635975609757	0.3180732598499062	0.22134113039399622	-3.794323025254859	-1.5238230959908747	-0.3617282768402592	0.44328940410319084	3.4325947484145987	1.9671125000940655	-0.24824314456270122	-0.3693601463776282	0.5660937046005343	0.5823806413012818	0.007020602409074107	0.004353177790792498	0.11540472312343923	0.20218124092724135	84.9873975	68.8566325	0.03780740150093809	-0.058924727954971834	-0.09673212945590998	2.270499929263984	0.80501768094345	-1.4654822483205332	-0.12111700181492699	0.016286936700747434	-0.002667424618281609	0.08677651780380212	-16.130764999999997
phase/eta_r/cells/0_2	0.5	0.0	0.5	1000	0.590474765478424	0.6261605722326455	0.8142860975609757	0.8137894934333957	0.22381133208255158	0.18762892120075048	-4.802476928790867	-1.2710759601408959	-3.456593193208687	0.41316798653286996	1.3458837355821802	1.684243946673766	-0.07772200883577005	-0.25847163699999065	0.4740792874526634	0.5402394917372414	0.00854392429943212	0.004483491428834259	0.11583794138896722	0.180658627238374	75.382645	70.04077	0.035685806754221505	-0.0004966041275800137	-0.0361824108818011	3.531400968649971	3.869761179741557	0.33836021109158576	-0.1807496281642206	0.06616020428457797	-0.00406043287059786	0.06482068584940678	-5.341875000000002
phase/eta_r/cells/0_3	0.5	0.0	0.5	1000	0.5982126547842402	0.6610215900562852	0.6753683395872421	0.8124908911819887	0.07715568480300188	0.1514693011257036	-4.913372942617296	-0.9857009282269054	-19.423314717656133	0.25005005257227964	-14.509941775038834	1.2357509807991849	0.04038453401700043	-0.0827812680344107	0.3837218095308451	0.45053952483435394	0.01072146720805862	0.005211391183900624	0.1319004333033757	0.14960453334562882	60.61623749999999	70.50159749999999	0.06280893527204501	0.13712255159474662	0.07431361632270171	3.9276720143903905	19.673364770228414	15.74569275583802	-0.12316580205141113	0.06681771530350883	-0.005510076024157997	0.017704100042253118	9.885359999999999
phase/eta_r/cells/1_0	0.5	0.001	0.5	1000	0.5476685506566603	0.5886153517823638	0.882952410881801	0.8258764727954973	0.3352838602251407	0.23726112101313318	-4.033740081392414	-1.6622414825486724	0.279605607917443	0.44771187281325375	4.313345689309856	2.109953355361926	-0.12004870350089178	-0.23284930160200484	0.6884681306142509	0.6722873906732749	0.02144356365670843	0.016149803373070655	0.2762193120154537	0.3587862738757924	60.029275	48.468830000000004	0.04094680112570348	-0.057075938086303735	-0.09802273921200749	2.371498598843741	0.16810626489581076	-2.20339233394793	-0.11280059810111306	-0.01618073994097602	-0.0052937602836377745	0.08256696186033874	-11.560444999999994
phase/eta_r/cells/1_2	0.5	0.001	0.5	1000	0.5715518808630394	0.6033328564727956	0.7984081660412757	0.8173581050656662	0.2268562851782364	0.2140252485928705	-4.790990843097798	-1.4267499585449002	-1.7663487162178737	0.4255413443266819	3.0246421268799244	1.8522913028715817	0.03725481079978411	-0.13817642480649392	0.6036857139274374	0.6462318669319197	0.02346757169123388	0.01565237948772232	0.2701093185446875	0.3400016791590076	54.9892375	49.8491775	0.031780975609756124	0.01894993902439046	-0.012831036585365885	3.3642408845528973	2.1918900605445555	-1.1723508240083427	-0.17543123560627805	0.04254615300448228	-0.00781519220351156	0.06989236061432008	-5.140059999999998
phase/eta_r/cells/1_3	0.5	0.001	0.5	1000	0.5839654971857411	0.6455704174484054	0.7232958771106942	0.8138765384615386	0.1393303799249531	0.16830612101313322	-4.996314374350499	-1.0872888004034968	-9.935849465385154	0.2680140971138064	-4.939535091034656	1.3553028975173032	0.16523304304576567	0.054007338099326604	0.5126754107750819	0.5630183478021313	0.025515174042002597	0.017750279094307608	0.27396370212596044	0.30238748896294665	46.1611675	49.787907499999996	0.06160492026266429	0.09058066135084442	0.02897574108818013	3.909025573947002	10.20386356249896	6.294837988551959	-0.11122570494643906	0.050342937027049395	-0.00776489494769499	0.02842378683698621	3.626739999999998
phase/eta_r/cells/2_0	0.5	0.01	0.5	1000	0.5107773592870544	0.5116915853658536	0.8909748030018763	0.8168185412757974	0.3801974437148218	0.30512695590994376	-3.452722161357079	-2.2786266808114197	0.534950949501609	0.41778364940072776	3.987673110858688	2.6964103302121476	0.5151093957586267	0.45801568875060406	0.9422735398408866	0.9066859194016826	0.07183764930476826	0.06654908561918187	0.7417848588136841	0.7356458642743213	22.981575	21.251585	0.0009142260787992074	-0.07415626172607881	-0.07507048780487802	1.1740954805456592	-0.11716730010088128	-1.2912627806465404	-0.05709370700802263	-0.03558762043920394	-0.005288563685586389	-0.00613899453936273	-1.7299900000000008
phase/eta_r/cells/2_2	0.5	0.01	0.5	1000	0.5324941135084428	0.5119621716697935	0.8730370168855535	0.8171002720450282	0.3405429033771107	0.30513810037523453	-3.437837724409449	-2.2794559864614548	0.5528613688633769	0.40663734401995805	3.990699093272826	2.6860933304814134	0.5459091441088872	0.46500412084858633	0.9149875947712675	0.9090992452405574	0.07073530902719743	0.06724928189719659	0.7426202770662462	0.7404166540784168	21.73463	21.2328175	-0.02053194183864926	-0.05593674484052524	-0.03540480300187615	1.1583817379479942	-0.14622402484341884	-1.3046057627914127	-0.08090502326030091	-0.005888349530710046	-0.003486027130000846	-0.00220362298782939	-0.5018124999999998
phase/eta_r/cells/2_3	0.5	0.01	0.5	1000	0.5392733630393997	0.5793764868667918	0.7757636726078799	0.8174830628517824	0.23649030956848033	0.2381065759849906	-3.6081103977739537	-1.581178844233218	-5.5257143815375525	0.35738502151562884	-1.917603983763599	1.938563865748847	0.44742029514632237	0.3666725462002107	0.8630498049333879	0.7864424636945242	0.07558410520309829	0.07568077284858132	0.7303061432175545	0.690812398131842	20.7602925	20.132682499999998	0.04010312382739212	0.04171939024390248	0.0016162664165102758	2.0269315535407357	5.883099403053182	3.8561678495124463	-0.08074774894611164	-0.0766073412388637	9.666764548303675e-5	-0.03949374508571246	-0.6276100000000007
phase/eta_r/cells/4_0	0.5	0.03	0.5	1000	0.505491688555347	0.43508314727954966	0.8996715150093808	0.817201552532833	0.3941798264540338	0.3821184052532833	-2.8061642625112135	-2.820368455781025	0.7440050408740737	0.437526691994361	3.5501693033852875	3.257895147775386	0.7023954814903255	0.5737397160834912	0.9800730156053085	0.9603575562530473	0.15144244578838384	0.15422742605757267	0.8339612499853818	0.8159119870946301	16.79932	16.707502499999997	-0.07040854127579732	-0.08246996247654781	-0.012061421200750544	-0.014204193269811594	-0.3064783488797127	-0.29227415560990133	-0.12865576540683432	-0.019715459352261155	0.0027849802691888303	-0.018049262890751705	-0.09181750000000477
phase/eta_r/cells/4_2	0.5	0.03	0.5	1000	0.5029011772983114	0.4488389681050656	0.8860833348968103	0.8147943105065665	0.3831821575984991	0.36595534240150096	-3.0017742426273206	-2.733712561005834	0.40022434927002387	0.41158890655222563	3.4019985918973448	3.145301467558059	0.6734332723980035	0.5705215782416329	0.9820863161067483	0.9530894018702065	0.14234311196627691	0.15378543764428826	0.846529795952198	0.8141792234272147	15.984332499999999	16.70673	-0.05406220919324578	-0.07128902439024387	-0.017226815196998146	0.2680616816214867	0.01136455728220176	-0.25669712433928593	-0.10291169415637069	-0.028996914236541826	0.011442325678011345	-0.0323505725249833	0.7223975000000014
phase/eta_r/cells/4_3	0.5	0.03	0.5	1000	0.5086995450281426	0.47711044090056276	0.8268795825515948	0.819252518761726	0.31818003752345214	0.3421420778611632	-2.9304819086794196	-2.410887125267419	-1.4948776723094386	0.37604309242921735	1.4356042363699812	2.7869302176966366	0.5576422584444647	0.4289878229336709	0.9466996186550676	0.8910721375936805	0.15356670340581793	0.15808346377065036	0.8426271934093135	0.8004925473787823	15.281515000000002	15.371765000000002	-0.03158910412757987	-0.007627063789868771	0.023962040337711044	0.5195947834120007	1.8709207647386559	1.3513259813266554	-0.1286544355107938	-0.05562748106138704	0.004516760364832423	-0.042134646030531187	0.09024999999999928
phase/r_N/cells/0_0	0.5	0.02	0.5	500	0.5238792354596623	0.49828082551594755	0.8985696998123828	0.8031734662288932	0.37469046435272046	0.3048926407129456	-2.38920884640245	-1.9929780702823927	0.520147282989041	0.41410657356590824	2.909356129391491	2.407084643848301	0.6234164901129159	0.5151917464071911	0.9693890456578084	0.9250284694269537	0.11787970339718615	0.10484179354147183	0.7148067522272181	0.7139008430716751	18.551755	17.399519999999995	-0.02559840994371476	-0.09539623358348959	-0.06979782363977488	0.3962307761200572	-0.10604070942313276	-0.50227148554319	-0.10822474370572477	-0.044360576230854654	-0.01303790985571432	-0.0009059091555430054	-1.1522350000000046
phase/r_N/cells/0_2	0.5	0.02	0.5	1500	0.48456513133208257	0.4631085318949343	0.9041394277673549	0.8034075703564726	0.41957429643527205	0.3402990384615385	-3.8595870078185377	-2.68303169617571	0.7126174305449072	0.41540034796098463	4.572204438363445	3.0984320441366946	0.6679413031905241	0.531890663807376	0.9832872595889561	0.9259115387756338	0.11040140046637636	0.12225419022235337	0.8643121310647531	0.8089835084121905	17.810891666666667	18.950591666666668	-0.021456599437148283	-0.10073185741088231	-0.07927525797373358	1.1765553116428276	-0.2972170825839226	-1.4737723942267507	-0.1360506393831481	-0.05737572081332232	0.011852789755977006	-0.055328622652562665	1.1397000000000013
phase/r_N/cells/2_0	0.5	0.02	0.5	500	0.5322115759849906	0.5163605816135084	0.8404906894934333	0.7995833020637899	0.30827911350844284	0.2832227204502814	-2.44949368383305	-1.8307345206787389	-4.971395964906168	0.4027247804802928	-2.5219022810731184	2.233459301159032	0.588616818082124	0.5179413807536607	0.9464441107965816	0.9237817612388367	0.1221195971865888	0.10847088312867645	0.7045780527547569	0.7132810910879833	18.748685000000002	17.03821	-0.015850994371482185	-0.040907387429643394	-0.02505639305816143	0.6187591631543112	5.374120745386461	4.75536158223215	-0.07067543732846326	-0.022662349557744932	-0.013648714057912348	0.008703038333226387	-1.7104750000000024
phase/r_N/cells/2_2	0.5	0.02	0.5	1500	0.49564910412757984	0.46880206848030015	0.8910069230769231	0.8049099296435273	0.3953578189493434	0.336107861163227	-3.7232859857967346	-2.624823450449349	0.7292570235832789	0.4253597416466672	4.452543009380014	3.050183192096017	0.6121814021404781	0.540811719936481	0.9602466402435577	0.9303857315890763	0.11308311054527084	0.12475588383072636	0.8586432061862821	0.8087084784079979	17.734093333333334	19.136293333333334	-0.026847035647279693	-0.08609699343339583	-0.059249957786116414	1.0984625353473856	-0.30389728193661175	-1.4023598172839966	-0.07136968220399709	-0.029860908654481322	0.011672773285455518	-0.04993472777828423	1.4022000000000006
phase/r_N/cells/3_0	0.5	0.02	0.5	500	0.5337493808630394	0.5381790853658537	0.7432098592870544	0.8057871294559099	0.20946047842401505	0.2676080440900563	-2.5890673375768687	-1.6235292621490263	-19.170814157612753	0.3946575164223796	-16.58174682003588	2.018186778571406	0.49211031191841326	0.3974087080609704	0.9145166765911112	0.8436371243264892	0.12098249479380825	0.1137377716865999	0.7267022275064142	0.6913754342654472	16.846075000000003	15.852664999999998	0.0044297045028143245	0.0625772701688555	0.058147565666041234	0.9655380754278424	19.565471674035134	18.599933598607286	-0.09470160385744286	-0.07087955226462206	-0.007244723107208348	-0.03532679324096699	-0.9934100000000043
phase/r_N/cells/3_2	0.5	0.02	0.5	1500	0.5062467729831145	0.505768799249531	0.8292105300187618	0.8077949249530956	0.3229637570356473	0.30202612570356474	-3.716145634605449	-2.261485551065338	-1.1369692467378933	0.38537843221863854	2.5791763878675558	2.6468639832839767	0.5185575705679766	0.40911772521828305	0.9273354303814955	0.8519323199153732	0.11286037784573047	0.1260816766332281	0.8549937831472428	0.7938043455454367	16.835196666666665	17.386748333333333	-0.00047797373358349216	-0.0214156050656662	-0.02093763133208254	1.454660083540111	1.5223476789565318	0.06768759541642089	-0.10943984534969353	-0.07540311046612225	0.013221298787497643	-0.061189437601806174	0.5515516666666684
phase/rho_N/cells/0_0	0.0	0.02	0.5	500	0.5864930112570356	0.5005010647753332	0.632296074108818	0.8074478711126272	0.04580306285178236	0.30694680633729415	-1.8047641595577661	-2.1750553761586664	-21.994782963319558	0.31882324848885196	-20.190018803761788	2.493878624647518	1.06888579023763	0.8774577269961675	0.9875993295974703	0.9503820609578012	0.10202867345862199	0.10007530648315906	0.7838277888801664	0.7452448512699583	16.146144999999997	16.687030000000004	-0.08599194648170239	0.17515179700380912	0.2611437434855118	-0.37029121660090025	22.31360621180841	22.683897428409306	-0.19142806324146255	-0.03721726863966912	-0.0019533669754629307	-0.038582937610208035	0.5408850000000065
phase/rho_N/cells/0_2	0.0	0.02	0.5	1500	0.5795311257035648	0.4583241135084428	0.7642226360225142	0.8131794183864915	0.18469151031894931	0.3548553048780488	-2.916008293554149	-3.060025442654767	-0.09633082946362867	0.35892703913609203	2.8196774640905202	3.4189524817908596	1.1352311473176386	0.9049712417195156	0.99157182696661	0.9486436934281773	0.0965197085328103	0.11881370123995065	0.8906304478755238	0.8315533776176913	15.999005	18.421276666666664	-0.12120701219512198	0.04895678236397738	0.17016379455909947	-0.1440171491006179	0.4552578685997207	0.5992750177003394	-0.23025990559812304	-0.04292813353843261	0.022293992707140345	-0.05907707025783249	2.4222716666666635
phase/rho_N/cells/2_0	0.85	0.02	0.5	500	0.4663355347091932	0.40814900093808626	0.9259217073170731	0.9427532879924954	0.45958617260788	0.534604287054409	-3.064079851989143	-2.649505981953517	0.652899841355435	0.728998352841386	3.7169796933445776	3.378504334794902	0.3362466030111978	0.34973602330708636	0.9287585739508261	0.9289667105010203	0.14902827159651205	0.1266899163655722	0.2916982348198041	0.3032913314369903	22.554265	19.515859999999996	-0.05818653377110694	0.01683158067542223	0.075018114446529	0.4145738700356256	0.07609851148595104	-0.3384753585496756	0.013489420295888566	0.00020813655019424893	-0.022338355230939855	0.01159309661718616	-3.0384050000000045
phase/rho_N/cells/2_2	0.85	0.02	0.5	1500	0.4043244887429644	0.3875234521575985	0.9396452954971857	0.9486428470919325	0.5353208067542214	0.561119394934334	-4.958015849419578	-2.849186937378221	0.2753576688458513	0.6790544099168658	5.23337351826543	3.5282413472950873	0.4276398600003824	0.38893615932352205	0.9761293849944597	0.9414145060140046	0.18625253868063635	0.14809791416200097	0.4021255599882094	0.40304291535451764	27.35789833333333	22.478445	-0.016801036585365914	0.0089975515947468	0.025798588180112603	2.108828912041357	0.40369674107101455	-1.7051321709703426	-0.03870370067686035	-0.03471487898045511	-0.03815462451863538	0.0009173553663082146	-4.8794533333333305
phase/rho_N/cells/3_0	1.0	0.02	0.5	500	0.4509991041275797	0.28601026266416507	0.9224207363977486	0.9815336397748592	0.47142163227016887	0.6955233771106941	-2.9116401993195558	-3.7142788034875664	0.5128132976480343	0.427175013247043	3.4244534969675895	4.141453816734609	0.39102570304029804	0.4110214211530834	0.9645051793459037	0.9846958805482122	0.14411033181762206	0.11965992817664908	0.12914924082058762	0.14080070678279497	22.812140000000003	19.38012	-0.16498884146341464	0.059112903377110615	0.22410174484052525	-0.8026386041680107	-0.0856382844009913	0.7170003197670196	0.019995718112785332	0.02019070120230848	-0.02445040364097298	0.011651465962207341	-3.4320200000000014
phase/rho_N/cells/3_2	1.0	0.02	0.5	1500	0.39526734052532836	0.26319308161350846	0.9300707739212006	0.9819414024390245	0.5348034333958724	0.718748320825516	-4.264106440390683	-3.928531453931997	-0.02463107848308007	0.42975584486311097	4.239475361907603	4.358287298795108	0.40415807996142183	0.42388695052919384	0.9802442857816773	0.9859474156169332	0.16960013650581268	0.1629646567179854	0.13171641503803228	0.13912177863302114	25.543571666666665	22.86379833333333	-0.1320742589118199	0.05187062851782387	0.18394488742964354	0.3355749864586861	0.454386923346191	0.11881193688750447	0.019728870567772006	0.0057031298352558935	-0.006635479787827275	0.007405363594988862	-2.6797733333333333
phase/rho_delta/cells/0_0	0.0	0.02	0.0	1000	0.6571393714821763	0.4615005487804879	0.9370378330206378	0.9841625281425891	0.27989846153846154	0.5226619793621012	-0.9163495231915301	-2.79611875608102	0.798434300941621	0.5949227458398337	1.7147838241331506	3.3910415019208537	0.8997481622556349	0.9315556895164251	0.9968929738306235	0.9962472489077416	0.09250371626615078	0.08797399882037718	0.8523658282749587	0.8457540418968016	16.1684325	15.2979625	-0.19563882270168836	0.04712469512195128	0.2427635178236397	-1.87976923288949	-0.2035115551017873	1.6762576777877032	0.03180752726079017	-0.0006457249228818407	-0.004529717445773601	-0.00661178637815707	-0.870470000000001
phase/rho_delta/cells/0_1	0.0	0.02	0.25	1000	0.6062177720450281	0.43798784709193256	0.9253846763602251	0.9091852345215761	0.31916690431519695	0.47119738742964346	-1.359922897172994	-2.7969736033104122	0.6975445269256904	0.6688855229027467	2.0574674240986837	3.4658591262131586	1.0085190782886861	0.9098116727366008	0.9925323778873432	0.9852172775084037	0.10385610909095082	0.09675867583318819	0.8486281830769334	0.8362040044278602	16.8405025	16.320765	-0.16822992495309558	-0.016199441838649076	0.1520304831144465	-1.4370507061374183	-0.028659004022943635	1.408391702114475	-0.09870740555208535	-0.007315100378939454	-0.007097433257762631	-0.012424178649073192	-0.519737499999998
phase/rho_delta/cells/0_3	0.0	0.02	0.75	1000	0.562720605065666	0.515982645403377	0.4993286069418386	0.7606818433395872	-0.0633919981238274	0.24469919793621014	-3.6679915807418353	-2.966523328035974	-28.010662465509377	-0.13635378318871888	-24.34267088476754	2.8301695448472555	1.3132588276158983	0.8987994041865923	0.9897891149470613	0.908046013072676	0.09568703070453008	0.11665637585085895	0.8538363458201019	0.7770677586574146	16.1219975	18.6368525	-0.046737959662289	0.2613532363977486	0.30809119606003754	0.7014682527058613	27.87430868232066	27.172840429614794	-0.414459423429306	-0.08174310187438538	0.020969345146328866	-0.07676858716268731	2.5148550000000007
phase/rho_delta/cells/0_4	0.0	0.02	1.0	1000	0.44410963357090577	0.4042822119122554	0.4084455408104553	0.5703600007413263	-0.035664092760450426	0.16607778882907084	-4.43396727772349	-3.386840221666273	-85.6166731379849	-0.41668677430849643	-81.18270586026141	2.9701534473577764	1.5431715169770175	0.8494028961549228	0.9895309370857562	0.8310973335616799	0.09621156258091743	0.12660739364080276	0.8570038348636823	0.7380212085229365	16.21947	18.8775775	-0.039827421658650386	0.161914459930871	0.20174188158952128	1.0471270560572172	85.1999863636764	84.15285930761918	-0.6937686208220947	-0.15843360352407632	0.03039583105988533	-0.11898262634074575	2.6581075
phase/rho_delta/cells/1_0	0.3	0.02	0.0	1000	0.5722046976803684	0.4642803854208122	0.9460087784031688	0.9833866400401765	0.37380408072280025	0.5191062546193643	-1.5589829110452136	-2.6050178510460613	0.8117383371506666	0.6488433354116484	2.37072124819588	3.25386118645771	0.6395457878308587	0.653464059389083	0.9924211431836587	0.9915190142351522	0.10347124228387164	0.09669018607044325	0.8351490943108635	0.8392308164417447	17.33954	15.910979999999999	-0.10792431225955623	0.03737786163700774	0.14530217389656408	-1.0460349400008477	-0.16289500173901816	0.8831399382618299	0.013918271558224338	-0.0009021289485064976	-0.006781056213428394	0.004081722130881205	-1.428560000000001
phase/rho_delta/cells/1_1	0.3	0.02	0.25	1000	0.5463029596622889	0.43977769230769237	0.9352665150093807	0.9117161538461538	0.38896355534709187	0.47193846153846153	-1.9200434812771132	-2.6924654557859267	0.7803992635748689	0.675765391940684	2.7004427448519825	3.368230847726611	0.7194441466726659	0.6630964218267172	0.9861891428990004	0.9806533751738862	0.10757754468248318	0.10200374039931989	0.8352790326450643	0.8270775047110754	17.84485	16.70389	-0.10652526735459655	-0.02355036116322695	0.08297490619136966	-0.7724219745088134	-0.10463387163418492	0.6677881028746286	-0.05634772484594863	-0.005535767725114216	-0.005573804283163286	-0.008201527933988872	-1.1409599999999998
phase/rho_delta/cells/1_3	0.3	0.02	0.75	1000	0.5044116135084427	0.4857018386491557	0.5991143714821765	0.722985605065666	0.0947027579737336	0.2372837664165103	-4.06194560631975	-2.925026392882845	-11.938789887694409	-0.11022603437281187	-7.8768442813746535	2.814800358510033	0.9211155975559603	0.6370131491089797	0.9811519074656252	0.9023519687617292	0.10438020113880102	0.11838757449897548	0.8458835396484267	0.7748173304071504	16.533340000000003	18.6421075	-0.018709774859286932	0.1238712335834895	0.1425810084427767	1.1369192134369048	11.828563853321597	10.691644639884686	-0.2841024484469806	-0.07879993870389601	0.014007373360174463	-0.07106620924127627	2.108767499999999
phase/rho_delta/cells/1_4	0.3	0.02	1.0	1000	0.40556301125703564	0.3935230628517824	0.5109927392120075	0.5471530628517824	0.10542972795497185	0.15363000000000002	-4.7047604093259086	-3.2658893500272996	-19.779648078521475	-0.43424145022048244	-15.074887669195572	2.8316478998068164	1.0102613727793428	0.6173183930085049	0.9794426954349158	0.8345908640430503	0.10042957311183791	0.12692265078222992	0.8436423630054952	0.7393513659429362	16.766830000000002	19.284795	-0.012039948405253242	0.03616032363977495	0.048200272045028164	1.438871059298609	19.345406628300992	17.90653556900239	-0.3929429797708379	-0.14485183139186553	0.02649307767039201	-0.10429099706255907	2.5179649999999967
phase/rho_delta/cells/3_0	0.7	0.02	0.0	1000	0.48548256656622507	0.4470302310155968	0.953511175687456	0.9793069938124205	0.468028609121231	0.5322767627968237	-2.964523901536265	-2.476148247478692	0.7792211678117251	0.698949562012354	3.7437450693479897	3.175097809491046	0.43303904758149103	0.4170978232744823	0.9527704962444261	0.9465820655117538	0.12147557279919616	0.12001088848524308	0.6779258480531366	0.6698648209300242	19.664352500000003	19.054705	-0.03845233555062827	0.025795818124964454	0.06424815367559267	0.488375654057573	-0.08027160579937109	-0.5686472598569439	-0.015941224307008728	-0.006188430732672279	-0.0014646843139530796	-0.008061027123112408	-0.6096475000000048
phase/rho_delta/cells/3_1	0.7	0.02	0.25	1000	0.4725444307047966	0.45303034240150086	0.947564037750867	0.94519132739212	0.47501960704607055	0.49216098499061917	-3.431428761071529	-2.379003855935747	0.8263577123982888	0.7002587734667168	4.257786473469818	3.0792626294024643	0.4675090062237054	0.4265038392374957	0.964315636261567	0.9429609705827007	0.14833671440289903	0.12573731288934284	0.6756631863339705	0.6874365722522194	22.637864999999998	19.056107500000003	-0.019514088303295762	-0.0023727103587469767	0.01714137794454862	1.0524249051357817	-0.12609893893157198	-1.178523844067354	-0.04100516698620971	-0.021354665678866347	-0.02259940151355619	0.011773385918248946	-3.581757499999995
phase/rho_delta/cells/3_3	0.7	0.02	0.75	1000	0.45402072701688556	0.4522140712945591	0.9313857410881802	0.769126904315197	0.4773650140712945	0.31691283302063794	-3.788318160615374	-2.313858191016688	0.7446296507619633	0.33215538379700493	4.532947811377338	2.6460135748136926	0.5510653765172192	0.45667654288260257	0.9750181678165104	0.9178724071167963	0.13077318196121657	0.12180040237046155	0.7455793218526112	0.7282950433362362	20.627235000000002	19.251714999999997	-0.0018066557223264668	-0.16225883677298314	-0.16045218105065656	1.4744599695986862	-0.41247426696495837	-1.8869342365636452	-0.09438883363461664	-0.05714576069971411	-0.008972779590755015	-0.01728427851637504	-1.3755200000000052
phase/rho_delta/cells/3_4	0.7	0.02	1.0	1000	0.4256821200750469	0.43866700281425886	0.9280476782363978	0.6725032739212008	0.5023655581613509	0.23383627110694186	-4.02873879015918	-2.2999396290835157	0.725008758693095	0.09587534107767132	4.753747548852275	2.3958149701611875	0.5695479449609298	0.4581928500935774	0.9732040104393522	0.8861582780357411	0.12674252719133117	0.1272327207079766	0.7680366369999101	0.7214518128876432	19.6562575	19.605459999999997	0.012984882739211945	-0.255544404315197	-0.26852928705440904	1.728799161075664	-0.6291334176154237	-2.357932578691088	-0.11135509486735234	-0.08704573240361113	0.0004901935166454208	-0.04658482411226694	-0.050797500000001605
phase/rho_delta/cells/4_0	0.85	0.02	0.0	1000	0.44328534240150097	0.4005198827392119	0.9366929409005629	0.97801138836773	0.4934075984990619	0.5774915056285179	-3.763012769131533	-2.8186016069296183	0.42852924717952634	0.5933835427152266	4.191542016311059	3.4119851496448446	0.42763672204648967	0.36974748365504667	0.9618891422918553	0.9391980230144457	0.15119856945799462	0.1483861372957901	0.4009348916674164	0.3348371593938755	22.204112499999997	22.20055	-0.04276545966228906	0.041318447467167174	0.08408390712945601	0.9444111622019147	0.1648542955357003	-0.7795568666662147	-0.057889238391443	-0.022691119277409633	-0.002812432162204531	-0.06609773227354093	-0.0035624999999974705
phase/rho_delta/cells/4_1	0.85	0.02	0.25	1000	0.45230141181988753	0.3978207504690432	0.9433099015009381	0.9685689165103192	0.4910084896810506	0.5707481660412758	-3.632021063321793	-2.805641861253952	0.7000304682929898	0.6296722872031455	4.332051531614783	3.4353141484570977	0.35562506526152626	0.3837544308731519	0.9477277866040028	0.9481077089697866	0.15896138228671497	0.14436843884284783	0.3533934919854493	0.36462490205767184	24.5639175	21.5328625	-0.05448066135084434	0.025259015009381103	0.07973967636022516	0.8263792020678409	-0.07035818108984426	-0.8967373831576855	0.028129365611625656	0.00037992236578376914	-0.014592943443867135	0.011231410072222558	-3.0310549999999985
phase/rho_delta/cells/4_3	0.85	0.02	0.75	1000	0.44853275797373354	0.417903681988743	0.9403140900562852	0.9128325422138837	0.4917813320825517	0.4949288602251407	-3.6774307706067226	-2.388095574093679	0.7334105127493603	0.6305466599603252	4.410841283356084	3.0186422340540044	0.399796270186196	0.36662131508747947	0.9467087532790439	0.9190306139744131	0.16944778772661268	0.137669590606692	0.42448148099764155	0.44405912385743224	25.202605	20.69735	-0.03062907598499054	-0.027481547842401532	0.0031475281425890067	1.2893351965130435	-0.10286385278903509	-1.3921990493020795	-0.03317495509871654	-0.02767813930463081	-0.031778197119920665	0.01957764285979069	-4.505254999999998
phase/rho_delta/cells/4_4	0.85	0.02	1.0	1000	0.4373834803001877	0.42492895403377107	0.9468961866791746	0.8699695590994372	0.5095127063789869	0.445040605065666	-3.6073452782550426	-2.22465091947769	0.7848057089091148	0.5534759012798589	4.3921509871641575	2.778126820757549	0.4002112840465209	0.3661989340069932	0.9637010958882032	0.9095302965509278	0.16026440715491863	0.13593742675267503	0.48060168321062235	0.4806806838664362	24.0822825	20.590317499999998	-0.012454526266416632	-0.07692662757973745	-0.06447210131332093	1.3826943587773526	-0.23132980762925592	-1.6140241664066086	-0.03401235003952768	-0.05417079933727542	-0.024326980402243598	7.900065581384341e-5	-3.491965000000004
phase/rho_eta/cells/0_0	0.0	0.0	0.5	1000	0.6319672701688556	0.6163355065666041	0.6334592354596623	0.8072923170731707	0.0014919652908067676	0.19095681050656663	-2.3349478783300723	-1.4198020726592175	-9.013526845735647	0.31357768927430596	-6.678578967405573	1.7333797619335236	-0.1506077079298621	-0.35274048285761533	0.6309403946416619	0.6288262969866456	0.00406996140310281	0.0030610104106836723	0.2531132610216006	0.2419180649447748	54.76232	61.286445	-0.01563176360225149	0.1738330816135084	0.18946484521575985	0.9151458056708548	9.327104535009953	8.411958729339098	-0.20213277492775322	-0.002114097655016245	-0.001008950992419138	-0.011195196076825786	6.524124999999998
phase/rho_eta/cells/0_1	0.0	0.001	0.5	1000	0.5983263039399624	0.5890674155722325	0.7000895731707317	0.8112462242026266	0.10176326923076924	0.22217880863039402	-2.824137926799988	-1.7319478265930155	-4.704293948949163	0.32375250397325844	-1.880156022149174	2.0557003305662738	0.04693061613568183	-0.1528193571434633	0.7400850806097328	0.7332484048281257	0.015602676109788115	0.013306597425296083	0.4349039423307797	0.42302949405136364	41.582345	43.704735	-0.009258888367729923	0.11115665103189487	0.12041553939962478	1.0921901002069727	5.028046452922421	3.9358563527154478	-0.19974997327914515	-0.006836675781607071	-0.0022960786844920325	-0.011874448279416083	2.122390000000003
phase/rho_eta/cells/0_2	0.0	0.01	0.5	1000	0.5723503236397749	0.4988300187617261	0.700738339587242	0.8148414634146339	0.12838801594746718	0.31601144465290804	-2.7535240474547913	-2.677765221415921	-3.1645977755448986	0.33647905082219165	-0.41107372809010767	3.0142442722381126	0.9244926107947578	0.7764328654306794	0.9712827953839774	0.9346645664984532	0.05979030508682616	0.06561180639842537	0.812844908795603	0.7747612883140248	19.15644	20.220805	-0.07352030487804878	0.11410312382739196	0.18762342870544085	0.07575882603887019	3.50107682636709	3.4253180003282204	-0.1480597453640784	-0.03661822888552424	0.0058215013115992115	-0.038083620481578206	1.0643649999999987
phase/rho_eta/cells/0_4	0.0	0.03	0.5	1000	0.5854133958724204	0.44265801125703563	0.7361619652908068	0.816162462476548	0.1507485694183865	0.37350445121951215	-2.16616936670777	-3.1152314623581643	-1.776210097226294	0.3135513727216039	0.3899592694814758	3.428782835079768	1.2224257287126383	0.9869718345054483	0.9904898876835363	0.971739503431829	0.1303902195276271	0.1464378265598543	0.8671105819976918	0.8288388944730466	15.064434999999998	16.2713	-0.14275538461538473	0.0800004971857412	0.22275588180112565	-0.9490620956503943	2.0897614699478977	3.038823565598292	-0.23545389420718998	-0.018750384251707275	0.016047607032227185	-0.03827168752464516	1.2068650000000023
phase/rho_eta/cells/2_0	0.85	0.0	0.5	1000	0.5809358583489681	0.6479953752345214	0.9318054737335835	0.9523838180112572	0.3508696153846154	0.3043884427767355	-4.368303549103802	-1.0738067031647336	0.7130967086929199	0.7165319701567135	5.081400257796721	1.7903386733214475	-0.35582865393663665	-0.44135429717268765	0.4888438468983517	0.539953768065301	0.016699345421514807	0.014341140007188852	0.011075208524400892	0.027433715954047526	139.24069749999998	101.43887749999999	0.06705951688555334	0.020578344277673688	-0.04648117260787993	3.2944968459390678	0.003435261463793693	-3.2910615844752735	-0.085525643236051	0.051109921166949346	-0.002358205414325954	0.016358507429646632	-37.80181999999999
phase/rho_eta/cells/2_1	0.85	0.001	0.5	1000	0.5729929549718574	0.6164058818011258	0.9427498076923078	0.9508415947467167	0.3697568527204503	0.33443571294559093	-4.015041788123002	-1.2639342365811859	0.45915732325038805	0.6944354604281767	4.474199111373389	1.9583696970093623	-0.28914358836408244	-0.37873577053451485	0.5647376152678861	0.601921954382546	0.03771065437805353	0.02972289563239171	0.03772722108091666	0.06267593768288211	95.1667075	70.31244749999999	0.04341292682926834	0.008091787054408939	-0.035321139774859345	2.751107551541816	0.23527813717778867	-2.5158294143640267	-0.08959218217043241	0.0371843391146599	-0.007987758745661818	0.024948716601965452	-24.85426000000001
phase/rho_eta/cells/2_2	0.85	0.01	0.5	1000	0.4930509099437148	0.4912172936210132	0.9367393996247655	0.9449705393996248	0.44368848968105057	0.45375324577861165	-3.8390410234117773	-2.1268826622595847	0.4527496158105995	0.6825754878607446	4.291790639222376	2.809458150120329	0.13492101698004225	0.07152890123761088	0.8890382161738891	0.861649026370522	0.11558089458405248	0.0916276235913295	0.2825763811477908	0.29500001989067826	32.12771250000001	25.382962499999998	-0.0018336163227016256	0.008231139774859342	0.010064756097561078	1.7121583611521927	0.2298258720501451	-1.4823324891020473	-0.06339211574243137	-0.02738918980336713	-0.023953270992722972	0.012423638742887433	-6.7447500000000105
phase/rho_eta/cells/2_4	0.85	0.03	0.5	1000	0.42147026735459664	0.3415052626641651	0.9462651969981237	0.9479567495309569	0.5247949296435273	0.6064514868667917	-3.681950097020782	-2.9231008659683093	0.6955524875503943	0.6545058361792594	4.377502584571177	3.5776067021475684	0.4813894880511409	0.4583375188792395	0.9804773388946828	0.9657579627870764	0.23000604716618894	0.181484906630901	0.4385174570298232	0.45061785107792185	22.884760000000004	19.8013325	-0.07996500469043155	0.0016915525328331515	0.08165655722326448	0.7588492310524728	-0.041046651371134946	-0.7998958824236087	-0.023051969171901388	-0.01471937610760643	-0.04852114053528794	0.01210039404809865	-3.0834275000000027
phase/rho_eta/cells/3_0	1.0	0.0	0.5	1000	0.6063988320825515	0.682083095684803	0.9329198639774858	0.9859309615384616	0.32652103189493437	0.3038478658536586	-2.9420080601025456	-1.1700470962838732	0.16541387500360907	0.6329349045803889	3.107421935106155	1.802982000864262	-0.37460094654182546	-0.398853149259068	0.5141439315290535	0.538762768411593	0.018621189526719702	0.015540238016586458	0.00867045813249214	0.010456192795760901	121.16325250000003	102.85420500000001	0.07568426360225144	0.05301109756097577	-0.022673166041275783	1.7719609638186724	0.4675210295767799	-1.304439934241893	-0.024252202717242544	0.02461883688253952	-0.003080951510133245	0.0017857346632687617	-18.30904750000002
phase/rho_eta/cells/3_1	1.0	0.001	0.5	1000	0.584325605065666	0.6239633114446529	0.9391037945590993	0.9853345028142589	0.35477818949343337	0.36137119136960605	-2.8325677450534124	-1.5443763542011455	-0.29133207970974295	0.5710864295547188	2.541235665343669	2.1154627837558637	-0.28687516661784473	-0.34935406937133695	0.5870127455357262	0.6297850573448007	0.03071258411250862	0.02877638866323075	0.023202839957950964	0.027987217981495848	82.16752999999999	69.3931575	0.03963770637898689	0.046230708255159625	0.006593001876172677	1.2881913908522669	0.8624185092644617	-0.42577288158780524	-0.062478902753492216	0.04277231180907448	-0.00193619544927787	0.004784378023544884	-12.774372499999984
phase/rho_eta/cells/3_2	1.0	0.01	0.5	1000	0.4520395403377111	0.37293968105065667	0.9383629455909943	0.9839949108818011	0.4863234052532833	0.6110552298311445	-3.8664596267214684	-3.252759298328491	0.3233812911614566	0.43230595842995195	4.189840917882925	3.685065256758443	0.13447759649926816	0.03949874741552742	0.9336255082734498	0.947882254701676	0.09534242572622458	0.08897721405544218	0.10519816571928778	0.11038724724162843	28.667920000000002	26.733097500000003	-0.07909985928705443	0.04563196529080682	0.12473182457786114	0.6137003283929774	0.10892466726849537	-0.5047756611244814	-0.09497884908374074	0.014256746428226164	-0.0063652116707823975	0.005189081522340655	-1.9348224999999992
phase/rho_eta/cells/3_4	1.0	0.03	0.5	1000	0.40594824108818006	0.2792538367729831	0.9422288414634149	0.9846712335834896	0.5362806003752345	0.7054173968105065	-3.5546396163641782	-3.584662708010369	-0.20634084973309513	0.463585795310878	3.348298766631083	4.048248503321247	0.5158098808142442	0.4685708420962249	0.9872266591808009	0.9875376987530092	0.22082446608418968	0.2001422111151423	0.15606507650040255	0.151574252199632	22.338292499999998	21.432375	-0.12669440431519696	0.04244239212007472	0.16913679643527202	-0.030023091646190547	0.6699266450439731	0.6999497366901641	-0.047239038718019266	0.0003110395722083492	-0.02068225496904738	-0.004490824300770552	-0.9059174999999975
phase/rho_r/cells/0_0	0.0	0.02	0.5	1000	0.5833581988742964	0.46918303001876166	0.7067338273921202	0.8155818667917449	0.12337562851782365	0.34639883677298305	-2.420288142785329	-2.925204911938354	-2.544714712823917	0.32241079605033246	-0.12442657003858766	3.247615707988687	1.1534012752907015	0.961209337134141	0.9890748418986256	0.9593427657080269	0.09714798104820702	0.10886226600795887	0.855449259686791	0.8076278634094349	16.24602	17.6793975	-0.11417516885553475	0.10884803939962473	0.22302320825515942	-0.504916769153025	2.8671255088742496	3.3720422780272745	-0.19219193815656044	-0.0297320761905987	0.011714284959751853	-0.04782139627735604	1.4333774999999989
phase/rho_r/cells/0_2	0.0	0.02	0.5	1000	0.5857717448405253	0.4719643058161352	0.6334756238273922	0.8129389212007505	0.0477038789868668	0.3409746153846153	-2.3873358903377637	-2.8358987735500443	-4.597723014570902	0.3100773162970623	-2.210387124233139	3.1459760898471063	1.12853186244488	0.9506353094142836	0.9827187040287073	0.9557153643274938	0.09744265244423124	0.11046931572457941	0.8500040754581681	0.8106864613518134	16.315965	17.553370000000005	-0.11380743902439011	0.1794632973733583	0.29327073639774853	-0.44856288321228055	4.907800330867964	5.356363214080245	-0.17789655303059626	-0.02700333970121349	0.013026663280348169	-0.039317614106354704	1.237405000000006
phase/rho_r/cells/0_3	0.0	0.02	0.5	1000	0.6013146435272044	0.5310341463414634	0.6556033630393995	0.8116941369606003	0.05428871951219512	0.280659990619137	-2.2598449651979298	-2.2888041858739756	-5.6200365767899445	0.3105145795562625	-3.360191611592017	2.5993187654302377	0.960692703359773	0.7985473423441728	0.924017390759213	0.8754103535174356	0.10497063230449684	0.11358116221871048	0.8293141950405337	0.7826114564416822	16.093757500000002	17.024710000000002	-0.07028049718574103	0.15609077392120085	0.22637127110694188	-0.028959220676045838	5.9305511563462066	5.959510377022255	-0.16214536101560018	-0.048607037241777395	0.008610529914213641	-0.046702738598851545	0.9309525000000001
phase/rho_r/cells/2_0	1.0	0.02	0.5	1000	0.43672184333958725	0.3129644981238274	0.9320532926829269	0.9846410600375233	0.4953314493433395	0.6716765619136961	-3.6406571513088606	-3.431036866994112	-0.11038650162125759	0.4455036469895123	3.5302706496876035	3.876540513983625	0.3692650587548823	0.40134043345839227	0.9560714193289905	0.974233309355251	0.15629677543003268	0.16111921670795362	0.12561897653905107	0.133179584678966	24.274874999999998	24.143120000000003	-0.12375734521575987	0.05258776735459636	0.17634511257035657	0.20962028431474877	0.5558901486107699	0.34626986429602136	0.03207537470350996	0.018161890026260452	0.004822441277920947	0.007560608139914937	-0.13175499999999474
phase/rho_r/cells/2_2	1.0	0.02	0.5	1000	0.43619621482176363	0.3239864681050657	0.9222153283302065	0.9838697420262663	0.48601911350844273	0.6598832739212008	-3.652037686186174	-3.3819364715993983	0.22591348880960105	0.4483961969934701	3.8779511749957747	3.830332668592869	0.41895649860304635	0.4688405290042262	0.9645870405781535	0.9725371756769198	0.16506834380937838	0.14008494463235324	0.12987686981633084	0.13207327796834004	24.3330025	23.298912499999997	-0.11220974671669792	0.06165441369605984	0.1738641604127581	0.27010121458677583	0.22248270818386906	-0.04761850640290577	0.049884030401179835	0.007950135098766298	-0.024983399177025134	0.002196408152009194	-1.0340900000000026
phase/rho_r/cells/2_3	1.0	0.02	0.5	1000	0.44235014540337714	0.3469937476547842	0.9206174108818012	0.9839766604127581	0.4782672654784241	0.6369829127579738	-3.4961346242354923	-3.1343899751807354	0.013736365810125297	0.4043949377931403	3.5098709900456173	3.538784912973876	0.3766874227747061	0.36847007170123897	0.949018567792493	0.9353468791877481	0.15924210099699151	0.16325898406281913	0.24724380979049174	0.2606543070466218	21.0659625	19.8998125	-0.09535639774859295	0.06335924953095695	0.15871564727954973	0.3617446490547569	0.390658571983015	0.028913922928258895	-0.00821735107346716	-0.013671688604744991	0.00401688306582762	0.013410497256130055	-1.1661500000000018
phase/rho_r_corner/cells/0_0	0.7	0.02	0.5	1000	0.48067075984990615	0.47666409943714827	0.9387332551594747	0.8584659380863039	0.45806249530956855	0.38180183864915573	-3.4021434639221355	-2.1205481687931593	0.7126180744848477	0.560927713824664	4.1147615384069836	2.6814758826178235	0.5147787428368534	0.4760987618088016	0.9538235971065665	0.9204741347475421	0.13542671056057903	0.12478693647416039	0.7218078255447363	0.7060096500260494	20.583557499999998	19.067467500000003	-0.004006660412757879	-0.08026731707317081	-0.07626065666041282	1.2815952951289762	-0.1516903606601837	-1.43328565578916	-0.03867998102805181	-0.03334946235902436	-0.01063977408641864	-0.015798175518686897	-1.5160899999999948
phase/rho_r_corner/cells/0_1	0.7	0.02	0.5	1000	0.4961304409005628	0.5088288555347092	0.9288675328330207	0.859031491557223	0.43273709193245774	0.35020263602251406	-3.177050576713617	-1.8206437392686574	0.7621510844666922	0.5223378299065407	3.9392016611803093	2.3429815691751985	0.44427292048463807	0.3917155874317932	0.9244992340425332	0.8665467433025892	0.13906179182976244	0.1265601615953944	0.7259740085752616	0.7014614190002519	19.2896925	18.0211475	0.012698414634146449	-0.06983604127579768	-0.08253445590994368	1.3564068374449594	-0.23981325456015157	-1.5962200920051108	-0.05255733305284488	-0.05795249073994402	-0.012501630234368039	-0.02451258957500968	-1.2685449999999996
phase/rho_r_corner/cells/0_2	0.7	0.02	0.5	1000	0.4778439212007505	0.46333511257035653	0.9182991416510319	0.859963564727955	0.44045522045028146	0.3966284521575985	-3.0002310431171164	-2.1802024343164694	0.6335783748337579	0.45381942460385477	3.6338094179508738	2.634021858920325	0.44455710269268345	0.3641824904608548	0.9460720373577332	0.9036978219816347	0.1330018587716827	0.12918180890120362	0.7729209122822776	0.748141689855958	17.357657500000002	16.324634999999997	-0.014508808630393943	-0.05833557692307689	-0.04382676829268295	0.820028608800647	-0.17975895022990312	-0.999787559030549	-0.08037461223182862	-0.04237421537609842	-0.0038200498704790697	-0.02477922242631958	-1.0330225000000048
phase/rho_r_corner/cells/1_0	0.85	0.02	0.5	1000	0.4516527532833021	0.4101088320825516	0.9367568386491557	0.9441250609756098	0.4851040853658537	0.5340162288930583	-3.767001973455096	-2.536022337998342	0.4531050507503491	0.6237663945467345	4.220107024205444	3.159788732545077	0.43719907161484206	0.4633574521711994	0.9468662981771783	0.9343436986570373	0.17615170701218824	0.13727609958494963	0.38530117163695243	0.3992686131321499	24.741637500000003	20.88436	-0.04154392120075051	0.007368222326454066	0.04891214352720463	1.230979635456754	0.17066134379638542	-1.0603182916603675	0.02615838055635733	-0.012522599520141009	-0.03887560742723861	0.013967441495197463	-3.857277500000002
phase/rho_r_corner/cells/1_1	0.85	0.02	0.5	1000	0.46661438086303947	0.4186530253283302	0.9268862851782365	0.9418724953095683	0.46027190431519693	0.5232194699812384	-3.327981687324834	-2.3617404132306823	0.7060397384118093	0.5996255287515012	4.034021425736643	2.961365941982183	0.42478114773270503	0.3971105948107772	0.935380668217628	0.9051686044664458	0.16856079692003992	0.13469859987155772	0.42514403329706996	0.42261772250697066	22.9034625	19.52681	-0.04796135553470926	0.014986210131331834	0.06294756566604143	0.9662412740941515	-0.10641420966030812	-1.0726554837544602	-0.027670552921927827	-0.03021206375118224	-0.0338621970484822	-0.0025263107900992954	-3.3766524999999987
phase/rho_r_corner/cells/1_2	0.85	0.02	0.5	1000	0.4474127345215759	0.3621401407129456	0.9167708630393996	0.9477782504690431	0.46935812851782366	0.5856381097560976	-3.3126420247116677	-2.7733753932821963	0.5226683964745831	0.6405750422612074	3.83531042118625	3.4139504355434043	0.39862801279206517	0.3688117218391129	0.9482291059882829	0.9406132077000862	0.17672932843260317	0.1414186487027933	0.5454586527845506	0.5536006590628133	20.01658	16.8316025	-0.08527259380863034	0.031007387429643485	0.11627998123827399	0.5392666314294714	0.11790664578662435	-0.4213599856428458	-0.02981629095295224	-0.007615898288196754	-0.03531067972980986	0.00814200627826267	-3.1849775000000022
phase/rho_r_corner/cells/2_1	1.0	0.02	0.5	1000	0.46960553939962474	0.4648826407129456	0.9297100656660412	0.9830779831144465	0.4601045262664165	0.518195342401501	-3.093529796412833	-2.3591003509412225	-0.2508204692722361	0.42548907449550893	2.8427093271405974	2.7845894254367307	0.3669998087660075	0.357815824172098	0.9304622798978699	0.8733809635453949	0.163802038208713	0.1586776009575752	0.1367529969871282	0.12995180830533293	22.6190875	21.791404999999997	-0.004722898686679133	0.0533679174484053	0.05809081613508449	0.7344294454716107	0.6763095437677451	-0.058119901703866717	-0.009183984593909511	-0.05708131635247504	-0.0051244372511378145	-0.006801188681795273	-0.8276825000000017
