broker_service	rho	eta	metric	estimate	se	lower	upper	n
access_only	0.0	0.0	access_fraction	0.009226608013796822	0.000399648509195496	0.008390134070742229	0.010063081956851416	20
access_only	0.0	0.0	agent_holdout_rank	0.7032031050656661	0.006251230965821928	0.6901191282845387	0.7162870818467935	20
access_only	0.0	0.0	betweenness	0.17172543844206095	0.007694442353153057	0.15562078551165354	0.18783009137246837	20
access_only	0.0	0.0	broker_fill_rate	0.9973772671251597	0.00023874938575330502	0.9968775589178028	0.9978769753325166	20
access_only	0.0	0.0	broker_holdout_rank	0.8809735225140711	0.008410899805673595	0.8633693069015781	0.8985777381265642	20
access_only	0.0	0.0	broker_selected_rank	0.9461350432075502	0.004795996114955125	0.9360969079741003	0.956173178441	20
access_only	0.0	0.0	gross_match_output	12827.053462868944	219.84248698688504	12366.917849424448	13287.18907631344	20
access_only	0.0	0.0	mean_degree	59.27419999999999	0.7470523518169679	57.71060145774478	60.83779854225521	20
access_only	0.0	0.0	net_output_per_principal	12.47134801330215	0.21979004559987722	12.011322160942107	12.931373865662191	20
access_only	0.0	0.0	outsourcing_rate	0.504955548964759	0.01940430501590676	0.4643418718073904	0.5455692261221277	20
access_only	0.0	0.0	q_gap	-0.017050128533976083	0.02622340757980484	-0.07193635138706081	0.03783609431910864	20
access_only	0.0	0.0	rank_gap	0.17777041744840524	0.008022232370047283	0.1609796921278433	0.1945611427689672	20
access_only	0.0	0.0	self_fill_rate	0.9995883645799772	3.123748518834257e-5	0.9995229837720788	0.9996537453878757	20
access_only	0.0	0.0	total_broker_fees	179.4087991155862	6.943371301445654	164.87615596297212	193.94144226820026	20
access_only	0.0	0.0	total_search_cost	176.29665045120703	6.892092891930465	161.87133424318003	190.72196665923403	20
access_only	0.0	0.01	access_fraction	0.11345821378021333	0.0014582980625036334	0.11040596085689619	0.11651046670353046	20
access_only	0.0	0.01	agent_holdout_rank	0.6891890517274053	0.006063116414525288	0.676498803227126	0.7018793002276846	20
access_only	0.0	0.01	betweenness	0.604693294030672	0.005135992667345704	0.5939435378346527	0.6154430502266912	20
access_only	0.0	0.01	broker_fill_rate	0.9941927795828105	0.0002510232377013954	0.993667381908086	0.994718177257535	20
access_only	0.0	0.01	broker_holdout_rank	0.978996876741145	0.0015480177941482203	0.9757568382613406	0.9822369152209494	20
access_only	0.0	0.01	broker_selected_rank	0.9345424586446912	0.004378964149324125	0.9253771813467642	0.9437077359426183	20
access_only	0.0	0.01	gross_match_output	12194.033571139023	210.4755444744123	11753.503193689392	12634.563948588655	20
access_only	0.0	0.01	mean_degree	28.968282500000004	0.23654148209905687	28.473195488101286	29.463369511898723	20
access_only	0.0	0.01	net_output_per_principal	11.839551225015342	0.2103642711728455	11.399253745262504	12.27984870476818	20
access_only	0.0	0.01	outsourcing_rate	0.8120851508084133	0.005843411087536153	0.7998547508424039	0.8243155507744226	20
access_only	0.0	0.01	q_gap	1.0026814100738635	0.05912869470451273	0.878923629751553	1.126439190396174	20
access_only	0.0	0.01	rank_gap	0.2898078250137397	0.006314559604766474	0.27659129986796843	0.30302435015951096	20
access_only	0.0	0.01	self_fill_rate	0.9968584617283451	0.00026033042031078235	0.9963135838965405	0.9974033395601498	20
access_only	0.0	0.01	total_broker_fees	287.56158936030056	2.1525034322718435	283.05634789935914	292.066830821242	20
access_only	0.0	0.01	total_search_cost	66.92075676338266	2.0729780986577286	62.58196373863043	71.25954978813488	20
access_only	0.0	0.03	access_fraction	0.23709357472928616	0.0017691485067413346	0.233390704348856	0.24079644510971632	20
access_only	0.0	0.03	agent_holdout_rank	0.6937347915837551	0.006376141813153507	0.6803893733945061	0.707080209773004	20
access_only	0.0	0.03	betweenness	0.7527322492114191	0.0036920280740581303	0.7450047456428647	0.7604597527799736	20
access_only	0.0	0.03	broker_fill_rate	0.9941343765366767	0.00030531111824440163	0.9934953530221129	0.9947734000512405	20
access_only	0.0	0.03	broker_holdout_rank	0.9856170715124983	0.0007061878690664082	0.984139003315611	0.9870951397093857	20
access_only	0.0	0.03	broker_selected_rank	0.9262304997073537	0.003967921738003552	0.9179255440637026	0.9345354553510048	20
access_only	0.0	0.03	gross_match_output	11626.572570202905	202.9798518827614	11201.73085765205	12051.41428275376	20
access_only	0.0	0.03	mean_degree	22.461197499999997	0.12857009574317	22.192097196931964	22.73029780306803	20
access_only	0.0	0.03	net_output_per_principal	11.272174152152125	0.20281950773900953	10.847668043751126	11.696680260553125	20
access_only	0.0	0.03	outsourcing_rate	0.9122563872990327	0.00558290981928685	0.900571222753673	0.9239415518443924	20
access_only	0.0	0.03	q_gap	1.1457106626679632	0.06288467670366885	1.0140915216734945	1.2773298036624319	20
access_only	0.0	0.03	rank_gap	0.2918822799287434	0.005881162502157496	0.27957286534384357	0.3041916945136432	20
access_only	0.0	0.03	self_fill_rate	0.998074702169354	0.00017887081748971552	0.9977003212457164	0.9984490830929916	20
access_only	0.0	0.03	total_broker_fees	323.12927573325834	1.9848704975859743	318.9748940369255	327.2836574295912	20
access_only	0.0	0.03	total_search_cost	31.269142317519492	2.001445669285696	27.08006838811319	35.458216246925794	20
access_only	0.5	0.0	access_fraction	0.015780225797140116	0.0008015222956387706	0.0141026203522236	0.01745783124205663	20
access_only	0.5	0.0	agent_holdout_rank	0.7044012195121951	0.005242485483986175	0.6934285712893257	0.7153738677350646	20
access_only	0.5	0.0	betweenness	0.1133519127291506	0.006859357035090775	0.09899511345693074	0.12770871200137046	20
access_only	0.5	0.0	broker_fill_rate	0.9957103891605389	0.00037396060062559196	0.9949276806280285	0.9964930976930493	20
access_only	0.5	0.0	broker_holdout_rank	0.8896018105065666	0.01171716081564198	0.8650775110700575	0.9141261099430757	20
access_only	0.5	0.0	broker_selected_rank	0.9214974668343249	0.005972369209488521	0.9089971544170579	0.9339977792515919	20
access_only	0.5	0.0	gross_match_output	11702.850982746537	142.17478141673442	11405.275745311068	12000.426220182006	20
access_only	0.5	0.0	mean_degree	68.8792325	1.1698965155723617	66.43061095173859	71.32785404826141	20
access_only	0.5	0.0	net_output_per_principal	11.348573971791064	0.1421111294879803	11.051131959373587	11.64601598420854	20
access_only	0.5	0.0	outsourcing_rate	0.44300766930803964	0.018637512453262887	0.403998907429026	0.4820164311870533	20
access_only	0.5	0.0	q_gap	-0.8573796486162941	0.04309767071766906	-0.9475841101173441	-0.7671751871152441	20
access_only	0.5	0.0	rank_gap	0.18520059099437144	0.013448525579698887	0.1570525034597362	0.21334867852900669	20
access_only	0.5	0.0	self_fill_rate	0.9996693224122687	5.9073298625604213e-5	0.9995456805772721	0.9997929642472653	20
access_only	0.5	0.0	total_broker_fees	156.45729705515788	6.483294248920707	142.8876062403598	170.02698786995597	20
access_only	0.5	0.0	total_search_cost	197.8197139003158	6.849356393085161	183.48384621237324	212.15558158825837	20
access_only	0.5	0.001	access_fraction	0.03262246956672101	0.0010026466147428663	0.030523906083993132	0.034721033049448895	20
access_only	0.5	0.001	agent_holdout_rank	0.6918548780487803	0.006179802666815332	0.6789204024156392	0.7047893536819214	20
access_only	0.5	0.001	betweenness	0.16862608786450797	0.009400446118169934	0.1489507280170091	0.18830144771200685	20
access_only	0.5	0.001	broker_fill_rate	0.9942530420688985	0.0004034943685346951	0.9934085186497371	0.9950975654880599	20
access_only	0.5	0.001	broker_holdout_rank	0.9292054268292682	0.011393470224227353	0.9053586195867755	0.9530522340717609	20
access_only	0.5	0.001	broker_selected_rank	0.9309143657840672	0.004714750884350102	0.9210462787725795	0.9407824527955548	20
access_only	0.5	0.001	gross_match_output	11548.138157042713	135.0345835333483	11265.507525530407	11830.768788555019	20
access_only	0.5	0.001	mean_degree	52.70781000000001	0.7949962681524462	51.0438636875921	54.37175631240792	20
access_only	0.5	0.001	net_output_per_principal	11.193872095881705	0.13512801959311113	10.911045900448766	11.476698291314644	20
access_only	0.5	0.001	outsourcing_rate	0.45529695269333514	0.019573567870252877	0.41432900431030223	0.49626490107636806	20
access_only	0.5	0.001	q_gap	-0.5132943056506003	0.04079204544089398	-0.5986730379869082	-0.42791557331429236	20
access_only	0.5	0.001	rank_gap	0.2373505487804878	0.015094550803532903	0.20575729085820516	0.26894380670277046	20
access_only	0.5	0.001	self_fill_rate	0.9985171614386916	8.882080691450145e-5	0.9983312573532876	0.9987030655240956	20
access_only	0.5	0.001	total_broker_fees	160.70272823608653	6.851464752039942	146.36244770213625	175.0430087700368	20
access_only	0.5	0.001	total_search_cost	193.563332924923	7.150785518836705	178.59656682608318	208.53009902376283	20
access_only	0.5	0.01	access_fraction	0.12506627730589276	0.0023055275791368066	0.12024075262465767	0.12989180198712785	20
access_only	0.5	0.01	agent_holdout_rank	0.7099606519699813	0.006579675673591038	0.69618923251495	0.7237320714250125	20
access_only	0.5	0.01	betweenness	0.46775557959546965	0.01649936135561131	0.4332220193958003	0.502289139795139	20
access_only	0.5	0.01	broker_fill_rate	0.9930926417097267	0.0005107564671740428	0.9920236161379867	0.9941616672814666	20
access_only	0.5	0.01	broker_holdout_rank	0.9696224953095685	0.005024268478373008	0.9591065805285283	0.9801384100906086	20
access_only	0.5	0.01	broker_selected_rank	0.9404236771012531	0.003869481509900306	0.9323247592229436	0.9485225949795626	20
access_only	0.5	0.01	gross_match_output	11186.539060697727	142.27730053193295	10888.749248288112	11484.328873107343	20
access_only	0.5	0.01	mean_degree	29.30298	0.3061534520293275	28.662193460562477	29.943766539437526	20
access_only	0.5	0.01	net_output_per_principal	10.833093268596148	0.1422850514888509	10.535287233247258	11.130899303945037	20
access_only	0.5	0.01	outsourcing_rate	0.6929312548193332	0.02697212075799642	0.636477957274441	0.7493845523642253	20
access_only	0.5	0.01	q_gap	0.41735568572202747	0.08362325462477278	0.2423302022844671	0.5923811691595878	20
access_only	0.5	0.01	rank_gap	0.2596618433395873	0.008828995712986534	0.24118254293603864	0.278141143743136	20
access_only	0.5	0.01	self_fill_rate	0.9958937586348329	0.00031310917689446186	0.9952384135959368	0.996549103673729	20
access_only	0.5	0.01	total_broker_fees	244.19176950713208	9.374641886979168	224.57041853622098	263.8131204780432	20
access_only	0.5	0.01	total_search_cost	109.25402259444718	9.781819572061274	88.78043893424093	129.7276062546534	20
access_only	0.5	0.02	access_fraction	0.19446041209990614	0.0014301674621541684	0.19158638298301314	0.19733444121679913	50
access_only	0.5	0.02	agent_holdout_rank	0.707558181988743	0.004123473068242599	0.6992717526198333	0.7158446113576526	50
access_only	0.5	0.02	betweenness	0.6120354938283801	0.009589395486277597	0.5927648821201177	0.6313061055366425	50
access_only	0.5	0.02	broker_fill_rate	0.9923310859547995	0.0003913759997875265	0.9915445864372198	0.9931175854723792	50
access_only	0.5	0.02	broker_holdout_rank	0.9821817448405255	0.0006578145370797399	0.9808598170361864	0.9835036726448645	50
access_only	0.5	0.02	broker_selected_rank	0.935109528702566	0.0023978850777028288	0.9302907982289327	0.9399282591761994	50
access_only	0.5	0.02	gross_match_output	10892.925949034066	73.64793349059707	10744.924885625622	11040.927012442511	50
access_only	0.5	0.02	mean_degree	25.610835	0.15659643999426534	25.29614267196493	25.925527328035074	50
access_only	0.5	0.02	net_output_per_principal	10.539680058962377	0.07358982520324248	10.391795768529272	10.687564349395481	50
access_only	0.5	0.02	outsourcing_rate	0.8197054747297797	0.014460872502865908	0.7906452634407373	0.8487656860188222	50
access_only	0.5	0.02	q_gap	0.8320985832133511	0.06051751067840045	0.7104840923413331	0.953713074085369	50
access_only	0.5	0.02	rank_gap	0.27462356285178235	0.0042309157683393635	0.2661212192933479	0.2831259064102168	50
access_only	0.5	0.02	self_fill_rate	0.9950308628151068	0.00025247266720583583	0.994523499995038	0.9955382256351756	50
access_only	0.5	0.02	total_broker_fees	289.17434845616265	5.200052392462462	278.7244519364954	299.62424497582987	50
access_only	0.5	0.02	total_search_cost	64.07154161552585	5.1336552598983225	53.75507512927591	74.38800810177578	50
access_only	0.5	0.03	access_fraction	0.25468698013470503	0.0031849417172649473	0.24802082050858099	0.2613531397608291	20
access_only	0.5	0.03	agent_holdout_rank	0.7099071153846154	0.00645808375822556	0.6963901907332657	0.723424040035965	20
access_only	0.5	0.03	betweenness	0.669217745130253	0.020358100066445884	0.6266077519891303	0.7118277382713757	20
access_only	0.5	0.03	broker_fill_rate	0.9906600083372368	0.0010466548410573233	0.9884693345782409	0.9928506820962326	20
access_only	0.5	0.03	broker_holdout_rank	0.9843679174484052	0.0009804063244351741	0.9823159034282684	0.9864199314685421	20
access_only	0.5	0.03	broker_selected_rank	0.9291511057191256	0.003956886164933709	0.9208692477953639	0.9374329636428873	20
access_only	0.5	0.03	gross_match_output	10695.31570818688	142.13724435817971	10397.819036717898	10992.812379655861	20
access_only	0.5	0.03	mean_degree	22.82992	0.2909590957958109	22.22093561365048	23.438904386349524	20
access_only	0.5	0.03	net_output_per_principal	10.342531465089062	0.14203893139918813	10.04524056500811	10.639822365170014	20
access_only	0.5	0.03	outsourcing_rate	0.8399985232373467	0.03318795230111518	0.770535340754557	0.9094617057201364	20
access_only	0.5	0.03	q_gap	0.9227572792120624	0.13276010902361976	0.6448871775597566	1.2006273808643684	20
access_only	0.5	0.03	rank_gap	0.27446080206378987	0.0065867871828178175	0.2606744980488838	0.2882471060786959	20
access_only	0.5	0.03	self_fill_rate	0.9933217377823972	0.0005633275469124049	0.9921426796761987	0.9945007958885956	20
access_only	0.5	0.03	total_broker_fees	295.85528067198857	11.808685880549804	271.13941707304605	320.5711442709311	20
access_only	0.5	0.03	total_search_cost	56.92896242582638	11.847281661958032	32.13231692799776	81.72560792365499	20
access_only	1.0	0.0	access_fraction	0.02245895943442227	0.0020813596208901024	0.018102623682025126	0.026815295186819414	20
access_only	1.0	0.0	agent_holdout_rank	0.7644041651031894	0.010030215970529374	0.743410681805961	0.7853976484004178	20
access_only	1.0	0.0	betweenness	0.012777446781669912	0.000474617967825712	0.011784059958356309	0.013770833604983516	20
access_only	1.0	0.0	broker_fill_rate	0.9984720490020174	0.00016699713601135208	0.9981225199793283	0.9988215780247064	20
access_only	1.0	0.0	broker_holdout_rank	0.7742974953095685	0.03338931092991936	0.704412864373129	0.844182126246008	20
access_only	1.0	0.0	broker_selected_rank	0.8103327422273612	0.010045328801531679	0.7893076274113148	0.8313578570434076	20
access_only	1.0	0.0	gross_match_output	10866.597513625906	31.818396863964413	10800.00084361692	10933.194183634892	20
access_only	1.0	0.0	mean_degree	87.1902925	1.8845549079720416	83.24587374576127	91.13471125423872	20
access_only	1.0	0.0	net_output_per_principal	10.512708857413056	0.03088839043518513	10.448058713230258	10.577359001595854	20
access_only	1.0	0.0	outsourcing_rate	0.47804640803844345	0.014208950117419074	0.44830673365479756	0.5077860824220893	20
access_only	1.0	0.0	q_gap	-1.1367346055516423	0.03645962750603213	-1.2130454829365345	-1.0604237281667501	20
access_only	1.0	0.0	rank_gap	0.009893330206378954	0.03459974785611968	-0.06252477433294187	0.0823114347456998	20
access_only	1.0	0.0	self_fill_rate	0.9999139726058697	9.418233563777397e-6	0.9998942600164706	0.9999336851952687	20
access_only	1.0	0.0	total_broker_fees	168.95093929991674	4.9299916241009845	158.63234824264188	179.2695303571916	20
access_only	1.0	0.0	total_search_cost	184.93771691293054	5.277308388613118	173.89218351303253	195.98325031282855	20
access_only	1.0	0.01	access_fraction	0.12997234713349695	0.0016947668663769497	0.1264251593155558	0.1335195349514381	20
access_only	1.0	0.01	agent_holdout_rank	0.7815367917448406	0.009718021646934307	0.7611967386765465	0.8018768448131347	20
access_only	1.0	0.01	betweenness	0.2144136048435402	0.011252442312726966	0.19086197241216077	0.2379652372749196	20
access_only	1.0	0.01	broker_fill_rate	0.9924129282067937	0.0008611531786276734	0.9906105138893958	0.9942153425241916	20
access_only	1.0	0.01	broker_holdout_rank	0.9855700046904315	0.001064132704101907	0.9833427493436637	0.9877972600371994	20
access_only	1.0	0.01	broker_selected_rank	0.9057322558005161	0.002771973530260229	0.8999304485234983	0.9115340630775338	20
access_only	1.0	0.01	gross_match_output	10532.242242057666	29.460440986142352	10470.580830420193	10593.903653695139	20
access_only	1.0	0.01	mean_degree	30.81163	0.44442059819203766	29.881446997709535	31.741813002290467	20
access_only	1.0	0.01	net_output_per_principal	10.179142909623474	0.029034182669366426	10.118373666896405	10.239912152350543	20
access_only	1.0	0.01	outsourcing_rate	0.6521298146058231	0.031643819916489666	0.5858985383472455	0.7183610908644007	20
access_only	1.0	0.01	q_gap	0.01915439005523713	0.06616762448770049	-0.1193360396205763	0.15764481973105057	20
access_only	1.0	0.01	rank_gap	0.204033212945591	0.0090853681117856	0.18501731894446954	0.22304910694671248	20
access_only	1.0	0.01	self_fill_rate	0.9953068710909749	0.00024082833093059494	0.9948028116013542	0.9958109305805957	20
access_only	1.0	0.01	total_broker_fees	229.40645173362077	11.076332173706737	206.2234220594359	252.58948140780564	20
access_only	1.0	0.01	total_search_cost	123.69288070057021	11.5192054315228	99.58290664472214	147.8028547564183	20
access_only	1.0	0.03	access_fraction	0.2623255292906101	0.003299006276401386	0.25542062979845803	0.26923042878276215	20
access_only	1.0	0.03	agent_holdout_rank	0.7813432504690432	0.009211568148462402	0.7620632167554899	0.8006232841825964	20
access_only	1.0	0.03	betweenness	0.46071658342485494	0.027002639518647526	0.40419940937980925	0.5172337574699006	20
access_only	1.0	0.03	broker_fill_rate	0.9891797562358118	0.0017225310074409528	0.9855744574027737	0.9927850550688498	20
access_only	1.0	0.03	broker_holdout_rank	0.9910028564727955	0.000594917847250608	0.9897576791081032	0.9922480338374878	20
access_only	1.0	0.03	broker_selected_rank	0.8931008450276329	0.0042244688767789015	0.8842589300514354	0.9019427600038303	20
access_only	1.0	0.03	gross_match_output	10271.712477194185	30.30971399678333	10208.273516716681	10335.15143767169	20
access_only	1.0	0.03	mean_degree	24.1023575	0.48719184127095855	23.082653257108408	25.122061742891592	20
access_only	1.0	0.03	net_output_per_principal	9.919857983138428	0.03024999248932445	9.856544021212601	9.983171945064255	20
access_only	1.0	0.03	outsourcing_rate	0.8097152278687473	0.048584137049969806	0.7080274603604905	0.9114029953770041	20
access_only	1.0	0.03	q_gap	0.5898770630387654	0.1370363559097289	0.3030566737912445	0.8766974522862863	20
access_only	1.0	0.03	rank_gap	0.20965960600375239	0.008757871432511057	0.19132917043009137	0.2279900415774134	20
access_only	1.0	0.03	self_fill_rate	0.9892353672194847	0.0006978876113728502	0.9877746716616077	0.9906960627773617	20
access_only	1.0	0.03	total_broker_fees	283.983751484435	17.113404142140677	248.16498496212375	319.80251800674625	20
access_only	1.0	0.03	total_search_cost	67.87074257132461	17.478230928835597	31.288384808768413	104.45310033388081	20
assessment_only	0.0	0.0	access_fraction	0.0011691002060289731	0.000115950316870819	0.0009264134037020833	0.001411787008355863	20
assessment_only	0.0	0.0	agent_holdout_rank	0.6776499574544697	0.008629212745369035	0.6595888076078055	0.6957111073011338	20
assessment_only	0.0	0.0	betweenness	0.37751439450504864	0.011271158737207122	0.35392358814701974	0.40110520086307755	20
assessment_only	0.0	0.0	broker_fill_rate	0.9999585147749037	2.128859870062208e-5	0.9999139572257386	1.0000030723240687	20
assessment_only	0.0	0.0	broker_holdout_rank	0.8222004573407622	0.00827005485062372	0.8048910336071307	0.8395098810743937	20
assessment_only	0.0	0.0	broker_selected_rank	0.9410291266788722	0.004732976157871177	0.9311228937315068	0.9509353596262375	20
assessment_only	0.0	0.0	gross_match_output	13088.076661260293	222.94262875363236	12621.452376525918	13554.700945994668	20
assessment_only	0.0	0.0	mean_degree	42.7349875	0.40951087516686796	41.87787138773395	43.59210361226606	20
assessment_only	0.0	0.0	net_output_per_principal	12.731702786453997	0.22278619354090695	12.265405924382813	13.197999648525181	20
assessment_only	0.0	0.0	outsourcing_rate	0.5685808749941738	0.02022915429112581	0.5262407684625103	0.6109209815258372	20
assessment_only	0.0	0.0	q_gap	-0.1693663113399929	0.035378854915039254	-0.24341510569459168	-0.09531751698539408	20
assessment_only	0.0	0.0	rank_gap	0.1445504998862926	0.01044996440432099	0.12267847302033816	0.16642252675224703	20
assessment_only	0.0	0.0	self_fill_rate	0.9998095927242383	2.6122446940446236e-5	0.9997549178144319	0.9998642676340447	20
assessment_only	0.0	0.0	total_broker_fees	202.63336488133777	7.208056766806861	187.54672868287042	217.72000107980512	20
assessment_only	0.0	0.0	total_search_cost	153.74050992495546	7.182900719372312	138.70652593888246	168.77449391102846	20
assessment_only	0.0	0.01	access_fraction	0.050357082722937	0.0006028732195967415	0.04909525457256243	0.051618910873311566	20
assessment_only	0.0	0.01	agent_holdout_rank	0.6333210644436864	0.009607701922852869	0.6132119132115704	0.6534302156758024	20
assessment_only	0.0	0.01	betweenness	0.8582159987297908	0.0038739243314949343	0.8501077819190143	0.8663242155405674	20
assessment_only	0.0	0.01	broker_fill_rate	0.999753968187011	3.766684708880533e-5	0.9996751305700005	0.9998328058040216	20
assessment_only	0.0	0.01	broker_holdout_rank	0.9336285935338375	0.004424158640134518	0.9243687230795177	0.9428884639881574	20
assessment_only	0.0	0.01	broker_selected_rank	0.9442664830348422	0.004275701185958919	0.935317337603168	0.9532156284665163	20
assessment_only	0.0	0.01	gross_match_output	12234.279618242963	226.44098664671574	11760.333186287437	12708.22605019849	20
assessment_only	0.0	0.01	mean_degree	16.844140000000003	0.141714578958813	16.547527977378863	17.140752022621143	20
assessment_only	0.0	0.01	net_output_per_principal	11.878461001817076	0.22630132289987284	11.40480688944322	12.352115114190932	20
assessment_only	0.0	0.01	outsourcing_rate	0.9758845876076758	0.0025466503248264796	0.9705543872196473	0.9812147879957044	20
assessment_only	0.0	0.01	q_gap	1.1404332067698237	0.08920527883656591	0.9537244123846907	1.3271420011549566	20
assessment_only	0.0	0.01	rank_gap	0.30030752909015107	0.009579350887607125	0.2802577172567718	0.32035734092353035	20
assessment_only	0.0	0.01	self_fill_rate	0.9979010548166336	0.0004870449470825391	0.9968816580268118	0.9989204516064554	20
assessment_only	0.0	0.01	total_broker_fees	347.2361144949973	0.9967797326565925	345.1498305376004	349.3223984523942	20
assessment_only	0.0	0.01	total_search_cost	8.582501930886583	0.9064329598440917	6.685315942224378	10.479687919548788	20
assessment_only	0.0	0.03	access_fraction	0.10963194218193613	0.0011475366072666005	0.10723012045961303	0.11203376390425923	20
assessment_only	0.0	0.03	agent_holdout_rank	0.6062098355032501	0.009197179632412171	0.5869599172998973	0.625459753706603	20
assessment_only	0.0	0.03	betweenness	0.9111063462728168	0.0012739999755593335	0.9084398336786556	0.9137728588669781	20
assessment_only	0.0	0.03	broker_fill_rate	0.9998207979551232	1.577392271912314e-5	0.9997877827554398	0.9998538131548067	20
assessment_only	0.0	0.03	broker_holdout_rank	0.9546732943885381	0.0021365015708209745	0.9502015452085286	0.9591450435685476	20
assessment_only	0.0	0.03	broker_selected_rank	0.9446792384759831	0.003919696004846745	0.9364752204518707	0.9528832565000955	20
assessment_only	0.0	0.03	gross_match_output	11404.343663364223	219.2456882902203	10945.457163947485	11863.230162780961	20
assessment_only	0.0	0.03	mean_degree	13.306877499999999	0.06392604500463184	13.173078750102116	13.440676249897882	20
assessment_only	0.0	0.03	net_output_per_principal	11.047790741715957	0.21906229299511615	10.589288093063338	11.506293390368576	20
assessment_only	0.0	0.03	outsourcing_rate	0.9935360901373931	0.0007409172678015331	0.991985332473558	0.9950868478012281	20
assessment_only	0.0	0.03	q_gap	1.6145609602165507	0.06076601225753463	1.4873762348710606	1.7417456855620408	20
assessment_only	0.0	0.03	rank_gap	0.3484634588852882	0.008929482886340283	0.32977383641075064	0.3671530813598257	20
assessment_only	0.0	0.03	self_fill_rate	0.997141513661932	0.0006535151181322684	0.9957736907997617	0.9985093365241023	20
assessment_only	0.0	0.03	total_broker_fees	354.24788119042626	0.357650776758358	353.4993095115932	354.9964528692593	20
assessment_only	0.0	0.03	total_search_cost	2.305040457839788	0.26448937641941944	1.751457830858489	2.8586230848210867	20
assessment_only	0.5	0.0	access_fraction	0.0012839839881001514	0.00010171214857743705	0.0010710980145020239	0.001496869961698279	20
assessment_only	0.5	0.0	agent_holdout_rank	0.691095089118199	0.005673441986016341	0.6792204385701767	0.7029697396662212	20
assessment_only	0.5	0.0	betweenness	0.28524622174604675	0.011687590254004704	0.2607838142063468	0.3097086292857467	20
assessment_only	0.5	0.0	broker_fill_rate	0.9998154104839614	0.00012242059885995775	0.9995591812257925	1.0000716397421303	20
assessment_only	0.5	0.0	broker_holdout_rank	0.9220929502814258	0.006139241626263226	0.9092433698818321	0.9349425306810195	20
assessment_only	0.5	0.0	broker_selected_rank	0.9213402223021806	0.005479920507197126	0.9098706168643717	0.9328098277399895	20
assessment_only	0.5	0.0	gross_match_output	11922.776102944968	139.85281466937425	11630.060797765262	12215.491408124675	20
assessment_only	0.5	0.0	mean_degree	48.369732500000005	0.6775136567984109	46.95168011913079	49.78778488086922	20
assessment_only	0.5	0.0	net_output_per_principal	11.567532669346727	0.13988517644906068	11.274749630183692	11.860315708509763	20
assessment_only	0.5	0.0	outsourcing_rate	0.5215243070599869	0.018184155761102903	0.48346443164289105	0.5595841824770826	20
assessment_only	0.5	0.0	q_gap	-1.1038739373151152	0.07194992238074162	-1.2544668555708183	-0.9532810190594122	20
assessment_only	0.5	0.0	rank_gap	0.23099786116322701	0.009301184328215707	0.21153025862978594	0.2504654636966681	20
assessment_only	0.5	0.0	self_fill_rate	0.9998846105982977	1.6451470085566345e-5	0.9998501772756783	0.9999190439209171	20
assessment_only	0.5	0.0	total_broker_fees	185.15102787722148	6.344783309449809	171.87124379053466	198.4308119639083	20
assessment_only	0.5	0.0	total_search_cost	170.09240572101956	6.639081160516009	156.19664915289053	183.9881622891486	20
assessment_only	0.5	0.001	access_fraction	0.010754303990339772	0.0003870104525631182	0.00994428180381772	0.011564326176861824	20
assessment_only	0.5	0.001	agent_holdout_rank	0.6764426829268293	0.006637316322076933	0.6625506202080054	0.6903347456456532	20
assessment_only	0.5	0.001	betweenness	0.45148568585181154	0.012287464635144175	0.42576772680276337	0.4772036449008597	20
assessment_only	0.5	0.001	broker_fill_rate	0.9994719065216785	0.00018015707376280572	0.9990948334327211	0.9998489796106359	20
assessment_only	0.5	0.001	broker_holdout_rank	0.9317521622889305	0.006835982202103613	0.9174442871044206	0.9460600374734405	20
assessment_only	0.5	0.001	broker_selected_rank	0.9346734220438435	0.00472935537866086	0.924774767474461	0.9445720766132261	20
assessment_only	0.5	0.001	gross_match_output	11788.378504604723	145.59025426861837	11483.654600333082	12093.102408876364	20
assessment_only	0.5	0.001	mean_degree	35.14907	0.5288465691881767	34.04218140959784	36.255958590402166	20
assessment_only	0.5	0.001	net_output_per_principal	11.433125768010957	0.145629375719073	11.128319981602472	11.737931554419442	20
assessment_only	0.5	0.001	outsourcing_rate	0.630750262582344	0.01785050781218415	0.5933887203480391	0.6681118048166489	20
assessment_only	0.5	0.001	q_gap	-0.826689057497236	0.06987479586416775	-0.9729386860378093	-0.6804394289566627	20
assessment_only	0.5	0.001	rank_gap	0.2553094793621013	0.010181646130141022	0.23399904909824287	0.2766199096259597	20
assessment_only	0.5	0.001	self_fill_rate	0.9995992403182707	6.113900262110365e-5	0.9994712749151222	0.9997272057214193	20
assessment_only	0.5	0.001	total_broker_fees	223.91246610779768	6.154766824298088	211.03039109526753	236.79454112032784	20
assessment_only	0.5	0.001	total_search_cost	131.34027048597014	6.492700497239978	117.75089216717807	144.9296488047622	20
assessment_only	0.5	0.01	access_fraction	0.053703384342207006	0.0005958405515989607	0.05245627573511846	0.05495049294929555	20
assessment_only	0.5	0.01	agent_holdout_rank	0.6783965103189493	0.0077241326225487225	0.6622297149405149	0.6945633056973838	20
assessment_only	0.5	0.01	betweenness	0.79585332814462	0.005179806866804394	0.785011867775209	0.8066947885140309	20
assessment_only	0.5	0.01	broker_fill_rate	0.9996948699441388	4.8658414932822755e-5	0.9995930267112351	0.9997967131770426	20
assessment_only	0.5	0.01	broker_holdout_rank	0.9651982739212007	0.0031287149258732907	0.9586497983219616	0.9717467495204398	20
assessment_only	0.5	0.01	broker_selected_rank	0.9500276763260125	0.004916975396900084	0.9397363285453668	0.9603190241066581	20
assessment_only	0.5	0.01	gross_match_output	11353.944652598268	148.27406188808732	11043.603474421674	11664.285830774861	20
assessment_only	0.5	0.01	mean_degree	18.0872125	0.14496992468834607	17.78378696046153	18.39063803953847	20
assessment_only	0.5	0.01	net_output_per_principal	10.998921797191489	0.14822488223954902	10.688683553202274	11.309160041180704	20
assessment_only	0.5	0.01	outsourcing_rate	0.9332327520922474	0.013111516968902183	0.9057900316865525	0.9606754724979424	20
assessment_only	0.5	0.01	q_gap	0.8296668117841767	0.1062469144990996	0.6072894640308982	1.0520441595374552	20
assessment_only	0.5	0.01	rank_gap	0.2868017636022514	0.008422270701105692	0.26917374843209885	0.30442977877240396	20
assessment_only	0.5	0.01	self_fill_rate	0.9973669494686795	0.00035540451090546363	0.9966230792783092	0.9981108196590499	20
assessment_only	0.5	0.01	total_broker_fees	331.2853742200573	4.669831102932152	321.51130539159624	341.05944304851835	20
assessment_only	0.5	0.01	total_search_cost	23.73748118672324	4.679237248905062	13.943725068481582	33.5312373049649	20
assessment_only	0.5	0.02	access_fraction	0.09056389600463628	0.0006375898526013096	0.0892826112254038	0.09184518078386876	50
assessment_only	0.5	0.02	agent_holdout_rank	0.6575105759849906	0.005021185533257568	0.6474201258763247	0.6676010260936566	50
assessment_only	0.5	0.02	betweenness	0.8503293315455211	0.0019561699379153706	0.8463982608786698	0.8542604022123725	50
assessment_only	0.5	0.02	broker_fill_rate	0.9996778374528763	4.313765298379514e-5	0.9995911490936522	0.9997645258121004	50
assessment_only	0.5	0.02	broker_holdout_rank	0.9740460619136959	0.0017690944690758837	0.9704909334764987	0.9776011903508931	50
assessment_only	0.5	0.02	broker_selected_rank	0.9509732559098826	0.002515272534149332	0.9459186265106247	0.9560278853091404	50
assessment_only	0.5	0.02	gross_match_output	10921.465175784891	72.33445802580754	10776.103640145064	11066.82671142472	50
assessment_only	0.5	0.02	mean_degree	15.523025	0.058582345554904866	15.405299369039916	15.640750630960085	50
assessment_only	0.5	0.02	net_output_per_principal	10.566435659479575	0.07224598430115992	10.421251918445936	10.711619400513214	50
assessment_only	0.5	0.02	outsourcing_rate	0.9710671378314706	0.0026768636166907053	0.9656877789941968	0.9764464966687444	50
assessment_only	0.5	0.02	q_gap	1.4887760247474204	0.04015098109070064	1.408089607401104	1.5694624420937369	50
assessment_only	0.5	0.02	rank_gap	0.31653548592870545	0.005521502082335861	0.30543961207228576	0.32763135978512514	50
assessment_only	0.5	0.02	self_fill_rate	0.9948707836002606	0.00042468133382755007	0.9940173545081298	0.9957242126923914	50
assessment_only	0.5	0.02	total_broker_fees	344.741906413163	1.1242466528680364	342.48264817913395	347.00116464719207	50
assessment_only	0.5	0.02	total_search_cost	10.287609892153478	0.9529399001319112	8.372605466375978	12.202614317930978	50
assessment_only	0.5	0.03	access_fraction	0.12021625162712908	0.0010967375466716368	0.11792075356057259	0.12251174969368557	20
assessment_only	0.5	0.03	agent_holdout_rank	0.6479055956848029	0.007387201063697967	0.6324440061637324	0.6633671852058733	20
assessment_only	0.5	0.03	betweenness	0.8760235068537632	0.002676115729861804	0.870422332258782	0.8816246814487444	20
assessment_only	0.5	0.03	broker_fill_rate	0.9995658680587894	0.00010573730294111388	0.9993445573402854	0.9997871787772935	20
assessment_only	0.5	0.03	broker_holdout_rank	0.9748846857410882	0.001612330222245776	0.9715100398022783	0.9782593316798981	20
assessment_only	0.5	0.03	broker_selected_rank	0.9510337104734704	0.0042387580047670605	0.9421618880086772	0.9599055329382636	20
assessment_only	0.5	0.03	gross_match_output	10686.590817707602	127.86565046694687	10418.964935547716	10954.216699867487	20
assessment_only	0.5	0.03	mean_degree	14.2700325	0.07651719726507648	14.109880165548288	14.43018483445171	20
assessment_only	0.5	0.03	net_output_per_principal	10.332297589405034	0.12771791811336272	10.064980914614814	10.599614264195253	20
assessment_only	0.5	0.03	outsourcing_rate	0.9781620833421071	0.0025209629257839416	0.9728856472981697	0.9834385193860444	20
assessment_only	0.5	0.03	q_gap	1.5984259643852123	0.049390560794834816	1.495050332580907	1.7018015961895177	20
assessment_only	0.5	0.03	rank_gap	0.32697909005628517	0.00843877068731338	0.30931654001810255	0.3446416400944678	20
assessment_only	0.5	0.03	self_fill_rate	0.9927074507511586	0.0011301750057115853	0.9903419672785132	0.995072934223804	20
assessment_only	0.5	0.03	total_broker_fees	346.5357375116541	1.1331713276776563	344.16398266505894	348.9074923582492	20
assessment_only	0.5	0.03	total_search_cost	7.757490790914005	0.9038691232122349	5.865670973993849	9.649310607834162	20
assessment_only	1.0	0.0	access_fraction	0.001101117358525834	8.934628347805422e-5	0.0009141134380342828	0.0012881212790173853	20
assessment_only	1.0	0.0	agent_holdout_rank	0.7459833442776735	0.0113128473798286	0.7223052825878422	0.7696614059675049	20
assessment_only	1.0	0.0	betweenness	0.04353066189844399	0.00190927410379183	0.03953450527274882	0.04752681852413916	20
assessment_only	1.0	0.0	broker_fill_rate	0.9999983509234829	1.6490765171517373e-6	0.999994899366665	1.0000018024803008	20
assessment_only	1.0	0.0	broker_holdout_rank	0.9463660975609756	0.006715838536667288	0.9323096859582086	0.9604225091637425	20
assessment_only	1.0	0.0	broker_selected_rank	0.8181304557113155	0.009551843789136547	0.7981382168967021	0.8381226945259289	20
assessment_only	1.0	0.0	gross_match_output	10997.34794926309	24.089056433020772	10946.928974700779	11047.766923825402	20
assessment_only	1.0	0.0	mean_degree	52.1605125	0.9866446378007566	50.09544153993004	54.22558346006996	20
assessment_only	1.0	0.0	net_output_per_principal	10.643198772548212	0.023288065037869857	10.594456292243326	10.691941252853098	20
assessment_only	1.0	0.0	outsourcing_rate	0.5107220707643256	0.014791100036814648	0.47976394259611294	0.5416801989325383	20
assessment_only	1.0	0.0	q_gap	-1.113724777256738	0.0376250634063423	-1.1924749400148502	-1.0349746144986258	20
assessment_only	1.0	0.0	rank_gap	0.20038275328330207	0.006716521519686406	0.18632491218064737	0.21444059438595678	20
assessment_only	1.0	0.0	self_fill_rate	0.999963430057605	9.755433896902095e-6	0.9999430116997976	0.9999838484154124	20
assessment_only	1.0	0.0	total_broker_fees	180.797559257603	5.15691193007808	170.0040185414844	191.5910999737216	20
assessment_only	1.0	0.0	total_search_cost	173.35161745727493	5.426985340537898	161.99280659660783	184.71042831794202	20
assessment_only	1.0	0.01	access_fraction	0.06575179709803027	0.0013559913672391258	0.06291367454882876	0.06858991964723177	20
assessment_only	1.0	0.01	agent_holdout_rank	0.7663241510318949	0.008793938283833016	0.7479182266708503	0.7847300753929395	20
assessment_only	1.0	0.01	betweenness	0.4428692152193022	0.00925529770062581	0.4234976545011825	0.46224077593742197	20
assessment_only	1.0	0.01	broker_fill_rate	0.9990110434068853	0.0004178587640653646	0.9981364549623511	0.9998856318514194	20
assessment_only	1.0	0.01	broker_holdout_rank	0.9667801688555349	0.0027373735283263536	0.9610507802148472	0.9725095574962225	20
assessment_only	1.0	0.01	broker_selected_rank	0.9169078862673935	0.0037132074245128793	0.9091360538088805	0.9246797187259065	20
assessment_only	1.0	0.01	gross_match_output	10753.586060168449	31.27635286665048	10688.123901284387	10819.04821905251	20
assessment_only	1.0	0.01	mean_degree	19.507510000000003	0.17912868461704168	19.132589354262016	19.88243064573799	20
assessment_only	1.0	0.01	net_output_per_principal	10.399672823895424	0.031010916735188764	10.33476622921942	10.464579418571427	20
assessment_only	1.0	0.01	outsourcing_rate	0.8389313281082303	0.01982261870087819	0.7974421103459283	0.8804205458705324	20
assessment_only	1.0	0.01	q_gap	0.6010426777829398	0.09820691898111471	0.3954932340461388	0.8065921215197409	20
assessment_only	1.0	0.01	rank_gap	0.20045601782363978	0.008391337452026817	0.18289274668789032	0.21801928895938924	20
assessment_only	1.0	0.01	self_fill_rate	0.9989259021453305	0.00019349549492317885	0.9985209114200366	0.9993308928706244	20
assessment_only	1.0	0.01	total_broker_fees	296.60613152306587	6.611054347101564	282.7690357495817	310.44322729655005	20
assessment_only	1.0	0.01	total_search_cost	57.30710474995906	7.187097085165265	42.264337669340314	72.34987183057781	20
assessment_only	1.0	0.03	access_fraction	0.13951806016092635	0.0015031251415307308	0.13637198308291665	0.14266413723893606	20
assessment_only	1.0	0.03	agent_holdout_rank	0.7315352767354596	0.008327355865647923	0.7141059205990403	0.7489646328718789	20
assessment_only	1.0	0.03	betweenness	0.7096380092097421	0.009466189318080846	0.6898250472634159	0.7294509711560683	20
assessment_only	1.0	0.03	broker_fill_rate	0.9994239725675159	0.00018570889940822816	0.9990352793739368	0.9998126657610951	20
assessment_only	1.0	0.03	broker_holdout_rank	0.9771999859287053	0.0024943630666183054	0.9719792240298455	0.982420747827565	20
assessment_only	1.0	0.03	broker_selected_rank	0.9257908652870018	0.004389351601092104	0.9166038468026604	0.9349778837713433	20
assessment_only	1.0	0.03	gross_match_output	10557.512491055164	40.094352520364545	10473.594046784114	10641.430935326214	20
assessment_only	1.0	0.03	mean_degree	15.691735	0.1081469136053749	15.465380908413932	15.918089091586067	20
assessment_only	1.0	0.03	net_output_per_principal	10.203832746201003	0.03930907541061316	10.12155790581004	10.286107586591967	20
assessment_only	1.0	0.03	outsourcing_rate	0.9405979398383142	0.015682186951952358	0.9077747453221497	0.9734211343544786	20
assessment_only	1.0	0.03	q_gap	1.0742851733239218	0.07687357093283748	0.9133869402132295	1.235183406434614	20
assessment_only	1.0	0.03	rank_gap	0.24566470919324573	0.008026376798450396	0.2288653094843443	0.26246410890214716	20
assessment_only	1.0	0.03	self_fill_rate	0.9968118945281266	0.00045057526223180055	0.9958688296659541	0.997754959390299	20
assessment_only	1.0	0.03	total_broker_fees	332.6460456126155	5.706732749699026	320.70171669541577	344.5903745298153	20
assessment_only	1.0	0.03	total_search_cost	21.033699241547037	5.586204635323111	9.341638566968566	32.72575991612551	20
full	0.0	0.0	access_fraction	0.003969106017858801	0.0009087732643074096	0.0020670217156602325	0.00587119032005737	20
full	0.0	0.0	agent_holdout_rank	0.634101796435272	0.00989064153734362	0.6134004457840818	0.6548031470864621	20
full	0.0	0.0	betweenness	0.20903473913940104	0.014665261330723024	0.17833999441001375	0.23972948386878834	20
full	0.0	0.0	broker_fill_rate	0.9991382131843689	0.0002461032483183631	0.9986231131657706	0.9996533132029672	20
full	0.0	0.0	broker_holdout_rank	0.8104995684803	0.020764762467830974	0.7670384211510549	0.8539607158095451	20
full	0.0	0.0	broker_selected_rank	0.9300663831588605	0.005526522100550849	0.9184992394651884	0.9416335268525325	20
full	0.0	0.0	gross_match_output	12985.587192323705	218.2726811991506	12528.737220153685	13442.437164493724	20
full	0.0	0.0	mean_degree	61.3309975	2.0004082883431673	57.14409483386	65.51790016614001	20
full	0.0	0.0	net_output_per_principal	12.629528133827593	0.2181489202047541	12.172937196395845	13.086119071259342	20
full	0.0	0.0	outsourcing_rate	0.6327629419365441	0.018234659395680124	0.5945973611974431	0.6709285226756452	20
full	0.0	0.0	q_gap	-0.17940338034224246	0.0449258978617319	-0.2734343652327382	-0.08537239545174674	20
full	0.0	0.0	rank_gap	0.17639777204502816	0.020762220543929902	0.13294194502365247	0.21985359906640384	20
full	0.0	0.0	self_fill_rate	0.9997510048029781	2.494278161006989e-5	0.9996987989610844	0.9998032106448718	20
full	0.0	0.0	total_broker_fees	225.22944888211296	6.500793527654634	211.62313165598997	238.83576610823596	20
full	0.0	0.0	total_search_cost	130.8296096139997	6.49406534055945	117.23737464530949	144.4218445826899	20
full	0.0	0.01	access_fraction	0.059183732898300055	0.002778909128787131	0.05336740924673375	0.06500005654986636	20
full	0.0	0.01	agent_holdout_rank	0.6159360612219758	0.009836033240837578	0.595349007048943	0.6365231153950085	20
full	0.0	0.01	betweenness	0.8234891033901371	0.010298006754104179	0.8019351275413379	0.8450430792389364	20
full	0.0	0.01	broker_fill_rate	0.9996714194146634	0.00015259021536904812	0.9993520444234286	0.9999907944058982	20
full	0.0	0.01	broker_holdout_rank	0.8178946262815774	0.014024135022479603	0.7885417743372576	0.8472474782258972	20
full	0.0	0.01	broker_selected_rank	0.9377135092594763	0.005205747077663344	0.9268177554047611	0.9486092631141915	20
full	0.0	0.01	gross_match_output	13146.096689495977	213.90964067418614	12698.378666095066	13593.814712896887	20
full	0.0	0.01	mean_degree	18.41872	0.4723795837565381	17.43001816838618	19.40742183161382	20
full	0.0	0.01	net_output_per_principal	12.789916688159533	0.2137804280745378	12.34246910983782	13.237364266481245	20
full	0.0	0.01	outsourcing_rate	0.9727661622582924	0.0064301119055950465	0.9593077833673447	0.9862245411492401	20
full	0.0	0.01	q_gap	1.3994042900218946	0.09155265653025907	1.2077823776590804	1.5910262023847088	20
full	0.0	0.01	rank_gap	0.20195856505960164	0.01580342637123115	0.16888161352254422	0.23503551659665906	20
full	0.0	0.01	self_fill_rate	0.9987992725426416	0.00030732728403100274	0.9981560291445887	0.9994425159406944	20
full	0.0	0.01	total_broker_fees	346.48168696253197	2.39472020369098	341.4694799726292	351.49389395243475	20
full	0.0	0.01	total_search_cost	9.6983143739132	2.2826483848042547	4.92067639676162	14.47595235106478	20
full	0.0	0.03	access_fraction	0.13400555940006142	0.0035239188207583107	0.1266299125424321	0.14138120625769074	20
full	0.0	0.03	agent_holdout_rank	0.640269117535581	0.010760553378069413	0.6177470204765372	0.6627912145946249	20
full	0.0	0.03	betweenness	0.8658251980462138	0.0052825333022069616	0.8547687287764817	0.876881667315946	20
full	0.0	0.03	broker_fill_rate	0.9998115733783329	0.00010108402365988366	0.9996000020852964	1.0000231446713694	20
full	0.0	0.03	broker_holdout_rank	0.8284867296321565	0.015186738866855268	0.7967005198758108	0.8602729393885022	20
full	0.0	0.03	broker_selected_rank	0.9388391017739293	0.005141433915637693	0.9280779569143489	0.9496002466335096	20
full	0.0	0.03	gross_match_output	13171.041865023222	227.92162634955525	12693.996418553741	13648.087311492704	20
full	0.0	0.03	mean_degree	15.202052499999999	0.19033104582870855	14.803685042779822	15.600419957220176	20
full	0.0	0.03	net_output_per_principal	12.814985535061549	0.227776189139813	12.338244492170464	13.291726577952634	20
full	0.0	0.03	outsourcing_rate	0.9909277591322599	0.0025067006334648576	0.9856811744092174	0.9961743438553025	20
full	0.0	0.03	q_gap	1.945140867599682	0.0756783543960206	1.786744251450774	2.10353748374859	20
full	0.0	0.03	rank_gap	0.1882176120965755	0.017133295178181702	0.15235721315736328	0.22407801103578773	20
full	0.0	0.03	self_fill_rate	0.9991502191299861	0.0003832364860151589	0.9983480959462295	0.9999523423137427	20
full	0.0	0.03	total_broker_fees	352.8252008567664	0.9898976354714962	350.75332129432263	354.89708041921017	20
full	0.0	0.03	total_search_cost	3.2311291049068402	0.8930329916574051	1.361989571987676	5.100268637826004	20
full	0.5	0.0	access_fraction	0.0074714124429561156	0.0010145117115020852	0.005348015027303308	0.009594809858608923	20
full	0.5	0.0	agent_holdout_rank	0.6726302298311446	0.007691797948480393	0.6565311117033267	0.6887293479589626	20
full	0.5	0.0	betweenness	0.1252583782229681	0.009041743992018765	0.106333790553871	0.1441829658920652	20
full	0.5	0.0	broker_fill_rate	0.9978260193225434	0.0006082820452354007	0.9965528703700011	0.9990991682750858	20
full	0.5	0.0	broker_holdout_rank	0.9264578001876173	0.007680007988560327	0.9103833587295125	0.942532241645722	20
full	0.5	0.0	broker_selected_rank	0.910269253101573	0.006447122534698482	0.8967752705547313	0.9237632356484148	20
full	0.5	0.0	gross_match_output	11774.731144450257	146.00753274330398	11469.133866293714	12080.3284226068	20
full	0.5	0.0	mean_degree	77.35396	1.7317715990143248	73.72932038652188	80.97859961347812	20
full	0.5	0.0	net_output_per_principal	11.419951701292662	0.14590553601923184	11.114567904733072	11.725335497852253	20
full	0.5	0.0	outsourcing_rate	0.5332622028790293	0.019998010175545432	0.4914058865413105	0.575118519216748	20
full	0.5	0.0	q_gap	-1.1064663303800868	0.0738031193118845	-1.2609380343902274	-0.9519946263699461	20
full	0.5	0.0	rank_gap	0.2538275703564728	0.011360867417226691	0.23004900157327374	0.27760613913967186	20
full	0.5	0.0	self_fill_rate	0.9997149615922979	3.99223109399543e-5	0.999631403235193	0.9997985199494028	20
full	0.5	0.0	total_broker_fees	188.90323063929063	7.006374069937053	174.23872117672974	203.5677401018515	20
full	0.5	0.0	total_search_cost	165.87621251830444	7.271991735919299	150.6557588915669	181.09666614504198	20
full	0.5	0.001	access_fraction	0.019245527712836705	0.0017511908350426374	0.01558024317123309	0.02291081225444032	20
full	0.5	0.001	agent_holdout_rank	0.642228067542214	0.006965940009721183	0.6276481875403023	0.6568079475441256	20
full	0.5	0.001	betweenness	0.2723921023024277	0.01398900012884385	0.2431127885356366	0.3016714160692188	20
full	0.5	0.001	broker_fill_rate	0.9987344865057078	0.0003249353051286363	0.9980543890959471	0.9994145839154686	20
full	0.5	0.001	broker_holdout_rank	0.9278923968105065	0.007288260610310866	0.9126378920383292	0.9431469015826838	20
full	0.5	0.001	broker_selected_rank	0.9294255411691376	0.00519303290561588	0.9185563983823496	0.9402946839559255	20
full	0.5	0.001	gross_match_output	11798.979977421912	145.9968979097469	11493.404958227817	12104.554996616007	20
full	0.5	0.001	mean_degree	52.893347500000004	1.2111362487267623	50.35841019824905	55.42828480175096	20
full	0.5	0.001	net_output_per_principal	11.444023540117207	0.14595112389031512	11.138544327046851	11.749502753187564	20
full	0.5	0.001	outsourcing_rate	0.6388696967140397	0.019098031396552764	0.5988970576092096	0.6788423358188698	20
full	0.5	0.001	q_gap	-0.8140255452147501	0.07731099714605885	-0.9758393219117435	-0.6522117685177568	20
full	0.5	0.001	rank_gap	0.28566432926829266	0.011548918045992817	0.26149216599563946	0.30983649254094586	20
full	0.5	0.001	self_fill_rate	0.9993654336054277	6.565188170881021e-5	0.999228022637794	0.9995028445730615	20
full	0.5	0.001	total_broker_fees	226.58577250600007	6.702626541845187	212.5570139262025	240.61453108579764	20
full	0.5	0.001	total_search_cost	128.37066479870572	6.911386342755816	113.90496693400873	142.83636266340272	20
full	0.5	0.01	access_fraction	0.06524476519378417	0.002923859165079554	0.05912505762957046	0.07136447275799787	20
full	0.5	0.01	agent_holdout_rank	0.6338333020637898	0.008474663913769723	0.6160956266392438	0.6515709774883359	20
full	0.5	0.01	betweenness	0.7497199569699202	0.009444128414342183	0.729953169025781	0.7694867449140594	20
full	0.5	0.01	broker_fill_rate	0.9997078980432683	0.00012946752431668488	0.9994369194006087	0.9999788766859279	20
full	0.5	0.01	broker_holdout_rank	0.9426384709193247	0.006700902400906075	0.9286133210079859	0.9566636208306636	20
full	0.5	0.01	broker_selected_rank	0.9452146849310423	0.005614338927809232	0.9334637385055367	0.956965631356548	20
full	0.5	0.01	gross_match_output	11958.857149981657	142.99065325136553	11659.57427317099	12258.140026792324	20
full	0.5	0.01	mean_degree	20.265142500000003	0.4307164444619387	19.363642621111946	21.16664237888806	20
full	0.5	0.01	net_output_per_principal	11.60331720832814	0.14295301374401906	11.304113111911747	11.902521304744532	20
full	0.5	0.01	outsourcing_rate	0.9330815579867334	0.009018891236224796	0.9142048016852227	0.9519583142882442	20
full	0.5	0.01	q_gap	1.296712653562402	0.06252718762901203	1.1658417458003782	1.4275835613244259	20
full	0.5	0.01	rank_gap	0.30880516885553466	0.01227587777448498	0.2831114613845612	0.3344988763265081	20
full	0.5	0.01	self_fill_rate	0.9971662852085075	0.0004015696836720327	0.9963257902010608	0.9980067802159541	20
full	0.5	0.01	total_broker_fees	331.7964097833941	3.6095797841604575	324.2414724688403	339.3513470979479	20
full	0.5	0.01	total_search_cost	23.74353187012492	3.1491562328218228	17.15227212373899	30.33479161651085	20
full	0.5	0.02	access_fraction	0.11165150479792864	0.0019905915895228783	0.10765126123238573	0.11565174836347154	50
full	0.5	0.02	agent_holdout_rank	0.6302487054409005	0.00500841788115447	0.6201839128897372	0.6403134979920638	50
full	0.5	0.02	betweenness	0.7902209848608729	0.005134830901360171	0.7799021558346535	0.8005398138870923	50
full	0.5	0.02	broker_fill_rate	0.9998041379555996	5.4399689383806434e-5	0.9996948176869064	0.9999134582242929	50
full	0.5	0.02	broker_holdout_rank	0.9482149099437148	0.0031846914761087253	0.9418150328154301	0.9546147870719995	50
full	0.5	0.02	broker_selected_rank	0.9480011951746136	0.0028175565654290175	0.9423391032715165	0.9536632870777106	50
full	0.5	0.02	gross_match_output	11943.142823706046	76.0999617937562	11790.214224938833	12096.07142247326	50
full	0.5	0.02	mean_degree	17.726558999999998	0.1852062746143072	17.35437305677413	18.098744943225867	50
full	0.5	0.02	net_output_per_principal	11.587799175661463	0.07601798118573823	11.435035323094047	11.740563028228879	50
full	0.5	0.02	outsourcing_rate	0.9679729450204859	0.003414906690780656	0.9611104330975861	0.9748354569433857	50
full	0.5	0.02	q_gap	1.7132109572878624	0.036857372773474506	1.6391432936566466	1.7872786209190783	50
full	0.5	0.02	rank_gap	0.31796620450281426	0.006115518736501082	0.3056766094877418	0.33025579951788675	50
full	0.5	0.02	self_fill_rate	0.996172814130766	0.00037505061045063387	0.9954191217113342	0.9969265065501978	50
full	0.5	0.02	total_broker_fees	343.9600267858189	1.422216902045775	341.1019749176411	346.81807865399674	50
full	0.5	0.02	total_search_cost	11.383621258762023	1.2158157721336922	8.940347990170988	13.826894527353058	50
full	0.5	0.03	access_fraction	0.1496445526311101	0.0038601239461043117	0.14156522035891625	0.15772388490330394	20
full	0.5	0.03	agent_holdout_rank	0.6318669934333958	0.007192606258942466	0.6168126955195414	0.6469212913472502	20
full	0.5	0.03	betweenness	0.8233805657435056	0.0062039792661844765	0.8103954879063311	0.8363656435806801	20
full	0.5	0.03	broker_fill_rate	0.9996851172315715	0.00017232563984331004	0.9993244355221882	1.0000457989409548	20
full	0.5	0.03	broker_holdout_rank	0.9469427954971857	0.005766126880441429	0.9348741532356515	0.95901143775872	20
full	0.5	0.03	broker_selected_rank	0.9469191370521657	0.0068973358106101555	0.9324828472892268	0.9613554268151046	20
full	0.5	0.03	gross_match_output	11967.222270832946	148.43655879630276	11656.540982718692	12277.9035589472	20
full	0.5	0.03	mean_degree	16.327925	0.2534095897766884	15.79753263297965	16.85831736702035	20
full	0.5	0.03	net_output_per_principal	11.611931543987835	0.14837056565141404	11.301388381113258	11.922474706862412	20
full	0.5	0.03	outsourcing_rate	0.9808273297637798	0.003451849801089005	0.973602525097896	0.9880521344296637	20
full	0.5	0.03	q_gap	1.856290080802535	0.06290270564624328	1.7246332047975825	1.9879469568074877	20
full	0.5	0.03	rank_gap	0.3150758020637899	0.01023493332534744	0.29365384041857245	0.3364977637090073	20
full	0.5	0.03	self_fill_rate	0.995122234602037	0.0009943494240080356	0.9930410373391011	0.9972034318649728	20
full	0.5	0.03	total_broker_fees	348.44436794395506	1.1963762515984435	345.9403236712367	350.94841221667343	20
full	0.5	0.03	total_search_cost	6.846358901157112	1.251997479741898	4.225898059998739	9.466819742315485	20
full	1.0	0.0	access_fraction	0.009831075315417052	0.0022270612942675116	0.005169782455873447	0.014492368174960656	20
full	1.0	0.0	agent_holdout_rank	0.740795497185741	0.010665026383101623	0.7184733404250101	0.7631176539464719	20
full	1.0	0.0	betweenness	0.011808106159970355	0.00040233567962283097	0.010966007904573055	0.012650204415367655	20
full	1.0	0.0	broker_fill_rate	0.9997722675452911	0.0002174071504652812	0.999317229149767	1.0002273059408153	20
full	1.0	0.0	broker_holdout_rank	0.9518580816135085	0.005807227444373417	0.9397034148830148	0.9640127483440022	20
full	1.0	0.0	broker_selected_rank	0.8251510899648216	0.008953955112353505	0.8064102465325734	0.8438919333970697	20
full	1.0	0.0	gross_match_output	10885.199924185132	34.045813760838115	10813.941217031792	10956.458631338472	20
full	1.0	0.0	mean_degree	85.45589	1.752790130641339	81.7872580942382	89.1245219057618	20
full	1.0	0.0	net_output_per_principal	10.531115108819728	0.03330963964693504	10.46139723179502	10.600832985844436	20
full	1.0	0.0	outsourcing_rate	0.5165437270823937	0.015182053009253805	0.48476732493872343	0.548320129226064	20
full	1.0	0.0	q_gap	-1.1447242196446434	0.029752096737424454	-1.2069960737851557	-1.0824523655041312	20
full	1.0	0.0	rank_gap	0.21106258442776732	0.008170746841794987	0.1939610147454097	0.22816415411012494	20
full	1.0	0.0	self_fill_rate	0.9999474630272571	1.2271159637435125e-5	0.9999217791949605	0.9999731468595537	20
full	1.0	0.0	total_broker_fees	182.76882019783935	5.2175638989098205	171.8483334520087	193.68930694367	20
full	1.0	0.0	total_search_cost	171.3159951675621	5.605616141785464	159.58330574302562	183.0486845920986	20
full	1.0	0.01	access_fraction	0.07803234076987468	0.006132845831863754	0.06519614692180611	0.09086853461794325	20
full	1.0	0.01	agent_holdout_rank	0.6846768151969981	0.0141063819389416	0.6551518184781224	0.7142018119158737	20
full	1.0	0.01	betweenness	0.1186908007707272	0.00473136444420562	0.10878794117883264	0.12859366036262176	20
full	1.0	0.01	broker_fill_rate	0.9999428845044911	5.3655187048226606e-5	0.9998305829073554	1.000055186101627	20
full	1.0	0.01	broker_holdout_rank	0.9541110600375233	0.0040791624363566625	0.94557327493639	0.9626488451386567	20
full	1.0	0.01	broker_selected_rank	0.9193532583014857	0.005959685985322415	0.9068794921774859	0.9318270244254856	20
full	1.0	0.01	gross_match_output	11033.848927325385	30.60675531351574	10969.788252226808	11097.909602423962	20
full	1.0	0.01	mean_degree	23.046775	0.7150867783141684	21.550081171999103	24.543468828000897	20
full	1.0	0.01	net_output_per_principal	10.679391167038007	0.030165612637061665	10.616253814172675	10.74252851990334	20
full	1.0	0.01	outsourcing_rate	0.8758232103669942	0.023034601318916985	0.8276112357227956	0.9240351850111928	20
full	1.0	0.01	q_gap	0.5091367698909124	0.0954251568286251	0.3094096212529147	0.7088639185289101	20
full	1.0	0.01	rank_gap	0.26943424484052536	0.013339293478672229	0.24151478272085247	0.29735370696019825	20
full	1.0	0.01	self_fill_rate	0.9986558169883869	0.00017492308755962663	0.9982896987584532	0.9990219352183206	20
full	1.0	0.01	total_broker_fees	310.3317613626649	8.061850799483992	293.45811371629406	327.20540900903575	20
full	1.0	0.01	total_search_cost	44.12599892471348	8.234268213461137	26.89147748348958	61.360520365937376	20
full	1.0	0.03	access_fraction	0.160014071949304	0.0076872671066747205	0.14392443698237203	0.17610370691623597	20
full	1.0	0.03	agent_holdout_rank	0.6695995919324578	0.01087735095142909	0.6468330347428756	0.69236614912204	20
full	1.0	0.03	betweenness	0.17624531555429093	0.004916943811997126	0.16595403388160687	0.186536597226975	20
full	1.0	0.03	broker_fill_rate	1.0	0.0	1.0	1.0	20
full	1.0	0.03	broker_holdout_rank	0.9551308958724201	0.0054615080140251225	0.9436998282257217	0.9665619635191184	20
full	1.0	0.03	broker_selected_rank	0.9271282848212961	0.003950370015033821	0.9188600653560169	0.9353965042865752	20
full	1.0	0.03	gross_match_output	11058.459325215063	31.396508900769376	10992.745676861308	11124.172973568817	20
full	1.0	0.03	mean_degree	17.055625	0.40613074655343767	16.20558357822885	17.905666421771148	20
full	1.0	0.03	net_output_per_principal	10.704322299319383	0.03060778172907889	10.640259475908342	10.768385122730423	20
full	1.0	0.03	outsourcing_rate	0.9822602255216463	0.004303571678310475	0.9732527464790721	0.9912677045642204	20
full	1.0	0.03	q_gap	1.3264369062062908	0.03671588575414261	1.249589674143963	1.4032841382686188	20
full	1.0	0.03	rank_gap	0.28553130393996246	0.007627364102953026	0.2695670474007513	0.3014955604791736	20
full	1.0	0.03	self_fill_rate	0.993790282021348	0.001864280981772319	0.9898882970823226	0.9976922669603734	20
full	1.0	0.03	total_broker_fees	347.83898991193144	1.9162127854449524	343.8283104586304	351.84966936523244	20
full	1.0	0.03	total_search_cost	6.298035983749298	1.5471883572418434	3.059733535341642	9.536338432156953	20
