contribution	rho	eta	metric	estimate	se	lower	upper	n
access	0.0	0.0	access_fraction	0.0028000058118298286	0.0009255349441922836	0.0008628389104399265	0.004737172713219731	20
access	0.0	0.0	agent_holdout_rank	-0.04354816101919764	0.003604385462905068	-0.051092226494417574	-0.0360040955439777	20
access	0.0	0.0	betweenness	-0.16847965536564763	0.01352597034556813	-0.1967898366581352	-0.14016947407316005	20
access	0.0	0.0	broker_fill_rate	-0.0008203015905347277	0.0002526969761352779	-0.0013492024400621068	-0.0002914007410073485	20
access	0.0	0.0	broker_holdout_rank	-0.011700888860462017	0.020966035568682873	-0.055583305631295474	0.03218152791037143	20
access	0.0	0.0	broker_net_output_per_requested_position	-0.02168479069728657	0.01105460940355646	-0.04482235409101854	0.0014527726964453994	20
access	0.0	0.0	broker_selected_rank	-0.010962743520011826	0.0019715324782642383	-0.015089208421066105	-0.006836278618957547	20
access	0.0	0.0	mean_degree	18.59601	1.84818603022275	14.727712181722382	22.464307818277618	20
access	0.0	0.0	net_output_per_requested_position	-0.03709208604368874	0.00402302745598488	-0.045512379280610166	-0.02867179280676732	20
access	0.0	0.0	outsourcing_rate	0.06418206694237036	0.007215099564228088	0.04908068999949006	0.07928344388525066	20
access	0.0	0.0	q_gap	-0.010037069002249563	0.02808603832408055	-0.0688218228075838	0.048747684803084675	20
access	0.0	0.0	rank_gap	0.031847272158735555	0.020971972008448986	-0.012047569723325921	0.07574211404079703	20
access	0.0	0.0	self_fill_rate	-5.858792125988388e-5	3.228908205852395e-5	-0.0001261697467031383	8.993904183370537e-6	20
access	0.0	0.0	self_net_output_per_requested_position	-0.03907693876192915	0.01941655557659582	-0.07971625663750001	0.0015623791136417098	20
access	0.0	0.01	access_fraction	0.008826650175363052	0.0030103747004758875	0.0025258635144848095	0.015127436836241296	20
access	0.0	0.01	agent_holdout_rank	-0.017385003221710566	0.003603652606178738	-0.02492753481017386	-0.009842471633247273	20
access	0.0	0.01	betweenness	-0.03472689533965383	0.009966560717755573	-0.05558714666163719	-0.013866644017670463	20
access	0.0	0.01	broker_fill_rate	-8.254877234779024e-5	0.00016016075175618718	-0.0004177690783456079	0.0002526715336500275	20
access	0.0	0.01	broker_holdout_rank	-0.11573396725225993	0.014459388550639381	-0.14599781530078426	-0.0854701192037356	20
access	0.0	0.01	broker_net_output_per_requested_position	0.2139301177799553	0.01960060712236459	0.1729055755918394	0.2549546599680712	20
access	0.0	0.01	broker_selected_rank	-0.006552973775365683	0.0024769746494182733	-0.011737341298757718	-0.0013686062519736473	20
access	0.0	0.01	mean_degree	1.5745799999999996	0.5029648147210386	0.5218625442678473	2.627297455732152	20
access	0.0	0.01	net_output_per_requested_position	0.2009265438117108	0.013803843010628406	0.17203476834718953	0.22981831927623206	20
access	0.0	0.01	outsourcing_rate	-0.003118425349383408	0.007141088454274355	-0.018064895258837088	0.01182804456007027	20
access	0.0	0.01	q_gap	0.2589710832520707	0.08289737230320182	0.0854648889742281	0.4324772775299133	20
access	0.0	0.01	rank_gap	-0.09834896403054942	0.014389379714651828	-0.12846628190133066	-0.06823164615976816	20
access	0.0	0.01	self_fill_rate	0.0008982177260081603	0.0006325572094155366	-0.0004257397290879524	0.002222175181104273	20
access	0.0	0.01	self_net_output_per_requested_position	-0.06390608519212455	0.08550204380723357	-0.24286391958173748	0.11505174919748835	20
access	0.0	0.03	access_fraction	0.024373617218125303	0.0037390805169147585	0.016547631754853256	0.03219960268139735	20
access	0.0	0.03	agent_holdout_rank	0.03405928203233082	0.0050434229858098934	0.023503276406474934	0.04461528765818671	20
access	0.0	0.03	betweenness	-0.04528114822660284	0.004708044030338058	-0.055135197631313845	-0.035427098821891836	20
access	0.0	0.03	broker_fill_rate	-9.224576790034522e-6	0.00010877383503922213	-0.0002368908300173679	0.00021844167643729885	20
access	0.0	0.03	broker_holdout_rank	-0.1261865647563819	0.015606650774383774	-0.1588516602359172	-0.0935214692768466	20
access	0.0	0.03	broker_net_output_per_requested_position	0.416246380408993	0.01811437344672802	0.37833256105445606	0.4541601997635299	20
access	0.0	0.03	broker_selected_rank	-0.005840136702053777	0.002428850874157985	-0.01092378000623709	-0.0007564933978704644	20
access	0.0	0.03	mean_degree	1.8951749999999996	0.20668665698982966	1.4625748551950468	2.3277751448049524	20
access	0.0	0.03	net_output_per_requested_position	0.40912707207341	0.01861115777353126	0.37017347117302085	0.4480806729737991	20
access	0.0	0.03	outsourcing_rate	-0.002608331005133252	0.002596507893815504	-0.008042884484350159	0.0028262224740836545	20
access	0.0	0.03	q_gap	0.33057990738313153	0.04706549171987735	0.2320707010808731	0.42908911368538993	20
access	0.0	0.03	rank_gap	-0.16024584678871265	0.015944426065491176	-0.19361791407752052	-0.12687377949990478	20
access	0.0	0.03	self_fill_rate	0.002008705468054278	0.0008191084912145369	0.0002942916927721549	0.003723119243336401	20
access	0.0	0.03	self_net_output_per_requested_position	0.12673732527279702	0.04639696974827567	0.02962735153800139	0.22384729900759265	20
access	0.5	0.0	access_fraction	0.006187428454855964	0.0009970098136452214	0.004100662932415369	0.008274193977296559	20
access	0.5	0.0	agent_holdout_rank	-0.0184648592870544	0.0032431627472663503	-0.02525287692944381	-0.011676841644664992	20
access	0.5	0.0	betweenness	-0.15998784352307863	0.0068298155172081655	-0.17428281168776644	-0.14569287535839082	20
access	0.5	0.0	broker_fill_rate	-0.0019893911614180305	0.0005844154190999867	-0.003212586691361416	-0.0007661956314746448	20
access	0.5	0.0	broker_holdout_rank	0.004364849906191353	0.006751550954326756	-0.009766308645777926	0.018496008458160632	20
access	0.5	0.0	broker_net_output_per_requested_position	-0.04227369017857483	0.008674812316097284	-0.06043028102364391	-0.024117099333505754	20
access	0.5	0.0	broker_selected_rank	-0.011070969200607817	0.0023239714516970268	-0.015935097350767893	-0.006206841050447741	20
access	0.5	0.0	mean_degree	28.984227500000003	1.3994917626892973	26.055057576745018	31.913397423254988	20
access	0.5	0.0	net_output_per_requested_position	-0.055264089614483106	0.003550002954236652	-0.06269433119092098	-0.04783384803804523	20
access	0.5	0.0	outsourcing_rate	0.01173789581904226	0.004053604624464219	0.003253603832977887	0.02022218780510663	20
access	0.5	0.0	q_gap	-0.002592393064971715	0.016583348469841386	-0.03730174031498497	0.03211695418504154	20
access	0.5	0.0	rank_gap	0.022829709193245784	0.0056597531448146785	0.010983709719135586	0.03467570866735598	20
access	0.5	0.0	self_fill_rate	-0.00016964900599985566	3.966557569409586e-5	-0.0002526700100595519	-8.662800194015943e-5	20
access	0.5	0.0	self_net_output_per_requested_position	-0.0411802008704254	0.012186369279755442	-0.06668656490885601	-0.015673836831994793	20
access	0.5	0.001	access_fraction	0.008491223722496933	0.0015689955736187537	0.005207278245652718	0.011775169199341148	20
access	0.5	0.001	agent_holdout_rank	-0.034214615384615336	0.0035058575829190045	-0.04155245963699459	-0.026876771132236084	20
access	0.5	0.001	betweenness	-0.17909358354938373	0.008631742854161016	-0.19716002897460977	-0.1610271381241577	20
access	0.5	0.001	broker_fill_rate	-0.0007374200159707467	0.00036701359315654755	-0.0015055882947422256	3.074826280073228e-5	20
access	0.5	0.001	broker_holdout_rank	-0.0038597654784239487	0.006217732910549238	-0.016873630024089693	0.009154099067241796	20
access	0.5	0.001	broker_net_output_per_requested_position	0.011040416564628574	0.01424851842480051	-0.018782075238158894	0.040862908367416045	20
access	0.5	0.001	broker_selected_rank	-0.005247880874705496	0.0017191883528564853	-0.00884618345129272	-0.0016495782981182719	20
access	0.5	0.001	mean_degree	17.744277500000003	1.0662706247618072	15.512547433864563	19.976007566135443	20
access	0.5	0.001	net_output_per_requested_position	-0.004962630333960494	0.009339299258811462	-0.024510008333970584	0.014584747666049596	20
access	0.5	0.001	outsourcing_rate	0.008119434131695816	0.004436630735012993	-0.0011665407172135964	0.017405408980605226	20
access	0.5	0.001	q_gap	0.012663512282485778	0.026653697749887278	-0.04312331824695693	0.06845034281192848	20
access	0.5	0.001	rank_gap	0.030354849906191382	0.006879273300183082	0.015956365412059352	0.04475333440032341	20
access	0.5	0.001	self_fill_rate	-0.00023380671284307098	8.48689182456141e-5	-0.0004114394002027535	-5.617402548338841e-5	20
access	0.5	0.001	self_net_output_per_requested_position	-0.012854204168506378	0.01876852434931808	-0.05213717709737718	0.02642876876036443	20
access	0.5	0.01	access_fraction	0.011541380851577153	0.0028322244356836974	0.005613466980208173	0.017469294722946133	20
access	0.5	0.01	agent_holdout_rank	-0.04456320825515946	0.005033750466358292	-0.055098969065136415	-0.03402744744518251	20
access	0.5	0.01	betweenness	-0.04613337117469982	0.009395487397620904	-0.0657983523008105	-0.02646839004858914	20
access	0.5	0.01	broker_fill_rate	1.3028099129519522e-5	0.00010432623013637644	-0.00020532921005165348	0.00023138540831069254	20
access	0.5	0.01	broker_holdout_rank	-0.022559803001876117	0.006336106840719791	-0.03582142703080368	-0.009298178972948554	20
access	0.5	0.01	broker_net_output_per_requested_position	0.18998640177502665	0.022626616623196635	0.14262834891280118	0.23734445463725212	20
access	0.5	0.01	broker_selected_rank	-0.004812991394970162	0.0021832832280361514	-0.009382655708836049	-0.00024332708110427412	20
access	0.5	0.01	mean_degree	2.1779300000000004	0.424640846192713	1.2891464944343527	3.066713505565648	20
access	0.5	0.01	net_output_per_requested_position	0.13029344297370454	0.013740794521461906	0.10153362951360285	0.15905325643380622	20
access	0.5	0.01	outsourcing_rate	-0.00015119410551426294	0.012650919145473168	-0.026629872187364224	0.026327483976335695	20
access	0.5	0.01	q_gap	0.4670458417782254	0.09269040763999874	0.2730425889747963	0.6610490945816545	20
access	0.5	0.01	rank_gap	0.022003405253283297	0.00867110833995513	0.0038545669193767035	0.04015224358718989	20
access	0.5	0.01	self_fill_rate	-0.00020066426017223415	0.00045198231492527273	-0.001146674117477982	0.0007453455971335137	20
access	0.5	0.01	self_net_output_per_requested_position	-0.33124193822459924	0.0821324876488651	-0.5031472105220673	-0.1593366659271312	20
access	0.5	0.02	access_fraction	0.021087608793292346	0.0020222600287857994	0.01702372511640814	0.02515149247017655	50
access	0.5	0.02	agent_holdout_rank	-0.02726187054409006	0.0027274588544790985	-0.032742904318340135	-0.02178083676983998	50
access	0.5	0.02	betweenness	-0.060108346684648255	0.004310599574401773	-0.0687708208465459	-0.05144587252275061	50
access	0.5	0.02	broker_fill_rate	0.00012630050272312675	5.754255422760302e-5	1.0664410666169275e-5	0.00024193659478008423	50
access	0.5	0.02	broker_holdout_rank	-0.025831151969981214	0.003328787991306432	-0.032520601886963804	-0.019141702052998623	50
access	0.5	0.02	broker_net_output_per_requested_position	0.25557801469163743	0.00983812420559691	0.23580756390826813	0.27534846547500674	50
access	0.5	0.02	broker_selected_rank	-0.0029720607352691176	0.0010577567781763217	-0.00509770256359786	-0.0008464189069403751	50
access	0.5	0.02	mean_degree	2.2035340000000003	0.17737381689896092	1.8470879698447527	2.559980030155248	50
access	0.5	0.02	net_output_per_requested_position	0.2418570611409805	0.00948674213595982	0.2227927390635251	0.2609213832184359	50
access	0.5	0.02	outsourcing_rate	-0.0030941928109847706	0.0033341831581302716	-0.009794484721616727	0.003606099099647187	50
access	0.5	0.02	q_gap	0.2244349325404418	0.034322064060951334	0.15546216251639056	0.29340770256449306	50
access	0.5	0.02	rank_gap	0.0014307185741088118	0.004138543810631456	-0.006885996585510644	0.009747433733728267	50
access	0.5	0.02	self_fill_rate	0.001302030530505367	0.0005269172827892658	0.00024315060699663365	0.0023609104540141005	50
access	0.5	0.02	self_net_output_per_requested_position	0.04807707371525104	0.03705623810953092	-0.026390224770827128	0.1225443722013292	50
access	0.5	0.03	access_fraction	0.029428301003981028	0.0038353067398120273	0.021400911741520142	0.03745569026644191	20
access	0.5	0.03	agent_holdout_rank	-0.01603860225140712	0.005914311810299476	-0.02841739913563508	-0.0036598053671791607	20
access	0.5	0.03	betweenness	-0.05264294111025751	0.005824929474343157	-0.06483465861528968	-0.04045122360522533	20
access	0.5	0.03	broker_fill_rate	0.00011924917278197667	0.00021833084096268163	-0.0003377225291721111	0.0005762208747360644	20
access	0.5	0.03	broker_holdout_rank	-0.02794189024390243	0.005794056607108972	-0.04006899009518491	-0.015814790392619953	20
access	0.5	0.03	broker_net_output_per_requested_position	0.30145891205847075	0.015589416999892844	0.2688298872834932	0.3340879368334483	20
access	0.5	0.03	broker_selected_rank	-0.004114573421304913	0.004023966894160373	-0.01253683292492527	0.004307686082315444	20
access	0.5	0.03	mean_degree	2.0578925000000012	0.25456357310820893	1.5250848181083918	2.5907001818916107	20
access	0.5	0.03	net_output_per_requested_position	0.3014324166488241	0.014172398175459145	0.2717692463589357	0.3310955869387125	20
access	0.5	0.03	outsourcing_rate	0.002665246421672501	0.0033940724294986477	-0.00443862881567222	0.009769121659017221	20
access	0.5	0.03	q_gap	0.2578641164173227	0.028915574540372472	0.19734312335728663	0.31838510947735876	20
access	0.5	0.03	rank_gap	-0.011903287992495357	0.008417560304175228	-0.029521444188566635	0.005714868203575923	20
access	0.5	0.03	self_fill_rate	0.0024147838508785215	0.0008363092929114272	0.0006643683838896994	0.004165199317867343	20
access	0.5	0.03	self_net_output_per_requested_position	0.07164790411652167	0.02895941301648541	0.011035156071472596	0.13226065216157074	20
access	1.0	0.0	access_fraction	0.008729957956891217	0.0022510902504302714	0.004018371914096633	0.013441543999685801	20
access	1.0	0.0	agent_holdout_rank	-0.005187847091932462	0.0024586324133199933	-0.010333823873959161	-4.1870309905762786e-5	20
access	1.0	0.0	betweenness	-0.03172255573847364	0.001665138726726847	-0.03520773114743976	-0.02823738032950753	20
access	1.0	0.0	broker_fill_rate	-0.00022608337819178813	0.0002175042986260721	-0.0006813251071533653	0.000229158350769789	20
access	1.0	0.0	broker_holdout_rank	0.005491984052532861	0.0062319138663471845	-0.007551561574732488	0.01853552967979821	20
access	1.0	0.0	broker_net_output_per_requested_position	-0.056393022341920854	0.011087347191924704	-0.07959910671419568	-0.03318693796964602	20
access	1.0	0.0	broker_selected_rank	0.007020634253505897	0.0014512469228679993	0.003983139535057134	0.01005812897195466	20
access	1.0	0.0	mean_degree	33.29537750000001	1.4650697010654246	30.228951374285284	36.361803625714735	20
access	1.0	0.0	net_output_per_requested_position	-0.04623090878247993	0.0060424118155225975	-0.05887782205900971	-0.03358399550595015	20
access	1.0	0.0	outsourcing_rate	0.005821656318068083	0.006214416367051357	-0.007185266622279105	0.01882857925841527	20
access	1.0	0.0	q_gap	-0.030999442387905578	0.024025884893730347	-0.08128619739892842	0.019287312623117274	20
access	1.0	0.0	rank_gap	0.010679831144465277	0.006568775939448998	-0.003068774904820019	0.024428437193750575	20
access	1.0	0.0	self_fill_rate	-1.5967030347813216e-5	1.2932708919582865e-5	-4.303550120516106e-5	1.1101440509534622e-5	20
access	1.0	0.0	self_net_output_per_requested_position	-0.0247631079901685	0.016153088198089596	-0.058571910141749006	0.009045694161412005	20
access	1.0	0.01	access_fraction	0.012280543671844406	0.006037734235412361	-0.000356579316998229	0.02491766666068704	20
access	1.0	0.01	agent_holdout_rank	-0.08164733583489683	0.009110186829364349	-0.10071517600891018	-0.06257949566088349	20
access	1.0	0.01	betweenness	-0.32417841444857515	0.009798111641625222	-0.3446860978022748	-0.30367073109487547	20
access	1.0	0.01	broker_fill_rate	0.0009318410976055569	0.0004275245358875557	3.702196014315415e-5	0.0018266602350679596	20
access	1.0	0.01	broker_holdout_rank	-0.01266910881801126	0.004958987762904113	-0.02304838949128602	-0.0022898281447364995	20
access	1.0	0.01	broker_net_output_per_requested_position	0.07445070755836421	0.01767091852701321	0.0374650500178361	0.11143636509889232	20
access	1.0	0.01	broker_selected_rank	0.0024453720340924636	0.004250719894019217	-0.006451486952641698	0.011342231020826626	20
access	1.0	0.01	mean_degree	3.539264999999999	0.7867894217967828	1.892495814425327	5.186034185574671	20
access	1.0	0.01	net_output_per_requested_position	0.09411797394034553	0.0083413091444838	0.07665941325568494	0.11157653462500612	20
access	1.0	0.01	outsourcing_rate	0.03689188225876401	0.01602722039547907	0.003346524445722851	0.07043724007180517	20
access	1.0	0.01	q_gap	-0.09190590789202749	0.062021816628288366	-0.22171906199313632	0.03790724620908134	20
access	1.0	0.01	rank_gap	0.06897822701688558	0.010558542579204147	0.04687894341911694	0.09107751061465422	20
access	1.0	0.01	self_fill_rate	-0.0002700851569433116	0.00022503224095058577	-0.0007410830502702942	0.00020091273638367109	20
access	1.0	0.01	self_net_output_per_requested_position	0.15040018846731004	0.04956905584730419	0.04665096222459349	0.2541494147100266	20
access	1.0	0.03	access_fraction	0.020496011788377615	0.007513983737347674	0.004769063081676083	0.03622296049507914	20
access	1.0	0.03	agent_holdout_rank	-0.06193568480300189	0.005380831180408243	-0.0731978938963066	-0.05067347570969718	20
access	1.0	0.03	betweenness	-0.5333926936554512	0.009991287569377904	-0.5543046988726699	-0.5124806884382325	20
access	1.0	0.03	broker_fill_rate	0.0005760274324841941	0.00018570889940822816	0.00018733423890507947	0.0009647206260633087	20
access	1.0	0.03	broker_holdout_rank	-0.022069090056285167	0.004426066326413502	-0.031332953343875244	-0.012805226768695086	20
access	1.0	0.03	broker_net_output_per_requested_position	0.14039572720332014	0.012933315643230105	0.11332598645878425	0.16746546794785602	20
access	1.0	0.03	broker_selected_rank	0.0013374195342943985	0.003203386146759265	-0.00536734472643109	0.008042183795019888	20
access	1.0	0.03	mean_degree	1.3638899999999998	0.41566490664134487	0.4938933518262807	2.233886648173719	20
access	1.0	0.03	net_output_per_requested_position	0.16124833080338336	0.0112113912457403	0.13778261924266616	0.18471404236410055	20
access	1.0	0.03	outsourcing_rate	0.041662285683332016	0.014498815274616338	0.0113159165531374	0.07200865481352664	20
access	1.0	0.03	q_gap	0.2521517328823693	0.0840765340954569	0.07617752460929761	0.428125941155441	20
access	1.0	0.03	rank_gap	0.039866594746716714	0.0059579349969345	0.02739649348353171	0.05233669600990172	20
access	1.0	0.03	self_fill_rate	-0.003021612506778426	0.001921438208249539	-0.007043228895703914	0.0010000038821470626	20
access	1.0	0.03	self_net_output_per_requested_position	-0.11806935610395763	0.08070902436492342	-0.2869952855075687	0.05085657329965343	20
assessment	0.0	0.0	access_fraction	-0.00525750199593802	0.0010016470647667946	-0.007353973396522399	-0.003161030595353641	20
assessment	0.0	0.0	agent_holdout_rank	-0.06910130863039401	0.00546760683630784	-0.08054514125883364	-0.05765747600195439	20
assessment	0.0	0.0	betweenness	0.03730930069734008	0.013847478306955712	0.008326195507984517	0.06629240588669563	20
assessment	0.0	0.0	broker_fill_rate	0.001760946059209395	0.00032085392650354306	0.0010893910730861234	0.0024325010453326665	20
assessment	0.0	0.0	broker_holdout_rank	-0.07047395403377107	0.01972660884224275	-0.11176222085248881	-0.029185687215053338	20
assessment	0.0	0.0	broker_net_output_per_requested_position	-0.01579803627500569	0.013463956765885046	-0.0439784216535166	0.012382349103505219	20
assessment	0.0	0.0	broker_selected_rank	-0.01606866004868975	0.002170963861714356	-0.02061253963250905	-0.011524780464870446	20
assessment	0.0	0.0	mean_degree	2.056797500000001	1.728558391198448	-1.5611167922276796	5.674711792227681	20
assessment	0.0	0.0	net_output_per_requested_position	0.039386630524872235	0.0032552339757780046	0.03257334751084168	0.04619991353890279	20
assessment	0.0	0.0	outsourcing_rate	0.12780739297178503	0.008670532401580373	0.10965976009075067	0.14595502585281941	20
assessment	0.0	0.0	q_gap	-0.16235325180826635	0.03633908728100444	-0.2384118356026517	-0.086294668013881	20
assessment	0.0	0.0	rank_gap	-0.0013726454033770985	0.020258462375195695	-0.04377409445998739	0.041028803653233185	20
assessment	0.0	0.0	self_fill_rate	0.00016264022300102599	3.6891769391870814e-5	8.542486225415615e-5	0.0002398555837478958	20
assessment	0.0	0.0	self_net_output_per_requested_position	0.14613119268667335	0.023658638798480302	0.09661309258689638	0.19564929278645032	20
assessment	0.0	0.01	access_fraction	-0.05427448088191328	0.003506650833334018	-0.061613985426492324	-0.04693497633733423	20
assessment	0.0	0.01	agent_holdout_rank	-0.07325299050542951	0.0064001506827354665	-0.0866486598362326	-0.05985732117462641	20
assessment	0.0	0.01	betweenness	0.21879580935946494	0.010946729654045792	0.19588404087644234	0.24170757784248753	20
assessment	0.0	0.01	broker_fill_rate	0.005478639831852544	0.0002986893168136376	0.004853475906966816	0.0061038037567382715	20
assessment	0.0	0.01	broker_holdout_rank	-0.16110225045956758	0.014159031298158315	-0.19073744355373304	-0.13146705736540212	20
assessment	0.0	0.01	broker_net_output_per_requested_position	0.13208915326197287	0.017870102438758157	0.09468659900291146	0.1694917075210343	20
assessment	0.0	0.01	broker_selected_rank	0.00317105061478537	0.002318081570114624	-0.0016807498715451204	0.00802285110111586	20
assessment	0.0	0.01	mean_degree	-10.549562499999999	0.5075070859613559	-11.611787038699783	-9.487337961300215	20
assessment	0.0	0.01	net_output_per_requested_position	0.27775206392740814	0.011833362067191416	0.2529845524762537	0.3025195753785626	20
assessment	0.0	0.01	outsourcing_rate	0.16068101144987917	0.008467622767669825	0.14295807331349075	0.1784039495862676	20
assessment	0.0	0.01	q_gap	0.3967228799480308	0.05984125870117636	0.2714736860403981	0.5219720738556635	20
assessment	0.0	0.01	rank_gap	-0.08784925995413806	0.01618434814120878	-0.12172348991860645	-0.05397502998966967	20
assessment	0.0	0.01	self_fill_rate	0.0019408108142964786	0.00047250598127664904	0.0009518444296326499	0.002929777198960307	20
assessment	0.0	0.01	self_net_output_per_requested_position	-0.27146468714206223	0.06062578828364627	-0.39835592033719935	-0.1445734539469251	20
assessment	0.0	0.03	access_fraction	-0.10308801532922476	0.0040718033012949436	-0.11161039758365425	-0.09456563307479528	20
assessment	0.0	0.03	agent_holdout_rank	-0.05346567404817404	0.0071102347251792925	-0.06834756636046356	-0.038583781735884524	20
assessment	0.0	0.03	betweenness	0.11309294883479484	0.00660741685851233	0.09926346641242555	0.12692243125716413	20
assessment	0.0	0.03	broker_fill_rate	0.005677196841656301	0.00029370965505086594	0.005062455468622872	0.00629193821468973	20
assessment	0.0	0.03	broker_holdout_rank	-0.15713034188034192	0.014692541790021978	-0.18788218526725725	-0.12637849849342658	20
assessment	0.0	0.03	broker_net_output_per_requested_position	0.36742137746458997	0.017173257394444974	0.3314773366454713	0.40336541828370864	20
assessment	0.0	0.03	broker_selected_rank	0.012608602066575863	0.0022507153795448915	0.007897800637561677	0.01731940349559005	20
assessment	0.0	0.03	mean_degree	-7.259144999999999	0.1883183839552746	-7.653299907505689	-6.86499009249431	20
assessment	0.0	0.03	net_output_per_requested_position	0.4486251159227933	0.01868775396928398	0.4095111973422176	0.48773903450336903	20
assessment	0.0	0.03	outsourcing_rate	0.07867137183322742	0.00661465905083464	0.06482673132812089	0.09251601233833395	20
assessment	0.0	0.03	q_gap	0.7994302049317187	0.07046762318951345	0.6519397745390862	0.9469206353243511	20
assessment	0.0	0.03	rank_gap	-0.10366466783216788	0.016862034851986195	-0.13895731238364625	-0.0683720232806895	20
assessment	0.0	0.03	self_fill_rate	0.0010755169606323888	0.00043270437121681603	0.00016985630322797032	0.0019811776180368073	20
assessment	0.0	0.03	self_net_output_per_requested_position	-0.440916742980323	0.06592577447784558	-0.5789009747679512	-0.3029325111926948	20
assessment	0.5	0.0	access_fraction	-0.008308813354183998	0.001202798720610723	-0.010826300009033781	-0.005791326699334215	20
assessment	0.5	0.0	agent_holdout_rank	-0.031770989681050625	0.003670016545123101	-0.03945242259006976	-0.024089556772031496	20
assessment	0.5	0.0	betweenness	0.011906465493817537	0.005013656570933687	0.0014127616903110499	0.022400169297324024	20
assessment	0.5	0.0	broker_fill_rate	0.0021156301620044505	0.0006535669853096586	0.0007476987405842129	0.0034835615834246884	20
assessment	0.5	0.0	broker_holdout_rank	0.03685598968105068	0.014747040517743797	0.0059900791460789395	0.06772190021602242	20
assessment	0.5	0.0	broker_net_output_per_requested_position	-0.010478157202575788	0.011736899280082575	-0.035043769719956194	0.014087455314804615	20
assessment	0.5	0.0	broker_selected_rank	-0.01122821373275203	0.002378983575617058	-0.016207483581560822	-0.006248943883943238	20
assessment	0.5	0.0	mean_degree	8.474727500000007	1.4454513497405495	5.449363055516079	11.500091944483936	20
assessment	0.5	0.0	net_output_per_requested_position	0.018077863742844036	0.0035410533068179527	0.010666353993731972	0.0254893734919561	20
assessment	0.5	0.0	outsourcing_rate	0.0902545335709896	0.00571253591558668	0.07829805848799529	0.10221100865398391	20
assessment	0.5	0.0	q_gap	-0.24908668176379284	0.04316265750406669	-0.33942716217199176	-0.15874620135559392	20
assessment	0.5	0.0	rank_gap	0.06862697936210134	0.014545825684957254	0.03818221631225558	0.0990717424119471	20
assessment	0.5	0.0	self_fill_rate	4.563918002924994e-5	5.956847537909758e-5	-7.903907182363044e-5	0.0001703174318821303	20
assessment	0.5	0.0	self_net_output_per_requested_position	0.23322877921639237	0.032410068790279044	0.1653937256333103	0.30106383279947446	20
assessment	0.5	0.001	access_fraction	-0.013376941853884303	0.0015776961563836575	-0.016679097859742833	-0.010074785848025774	20
assessment	0.5	0.001	agent_holdout_rank	-0.04962681050656655	0.0034481956915361506	-0.056843967033258815	-0.04240965397987429	20
assessment	0.5	0.001	betweenness	0.10376601443791977	0.009970729333157548	0.0828970381036265	0.12463499077221304	20
assessment	0.5	0.001	broker_fill_rate	0.0044814444368092895	0.00044891937483922134	0.0035418453867808587	0.00542104348683772	20
assessment	0.5	0.001	broker_holdout_rank	-0.0013130300187617183	0.011613201995156886	-0.025619741143327653	0.022993681105804218	20
assessment	0.5	0.001	broker_net_output_per_requested_position	0.0706723748232623	0.017973766883423857	0.03305284838792869	0.10829190125859592	20
assessment	0.5	0.001	broker_selected_rank	-0.001488824614929496	0.001838502207099246	-0.005336853958470986	0.002359204728611994	20
assessment	0.5	0.001	mean_degree	0.1855375000000013	1.2471468609805414	-2.4247708794120877	2.7958458794120906	20
assessment	0.5	0.001	net_output_per_requested_position	0.07143386509087697	0.010431267947819942	0.04960097035811143	0.09326675982364252	20
assessment	0.5	0.001	outsourcing_rate	0.18357274402070478	0.007636109612554126	0.16759018291953048	0.19955530512187908	20
assessment	0.5	0.001	q_gap	-0.30073123956414993	0.05828789355344774	-0.4227292028523071	-0.17873327627599278	20
assessment	0.5	0.001	rank_gap	0.04831378048780484	0.012931565769966387	0.02124770227010208	0.07537985870550759	20
assessment	0.5	0.001	self_fill_rate	0.0008482721667359639	0.00010096419963893248	0.0006369516682575954	0.0010595926652143322	20
assessment	0.5	0.001	self_net_output_per_requested_position	0.3607601544856	0.044770630017081446	0.26705414892883383	0.4544661600423662	20
assessment	0.5	0.01	access_fraction	-0.059821512112108566	0.00336728907239603	-0.0668693291387797	-0.05277369508543743	20
assessment	0.5	0.01	agent_holdout_rank	-0.07612734990619137	0.005778773541992653	-0.08822246193456029	-0.06403223787782245	20
assessment	0.5	0.01	betweenness	0.28196437737445046	0.01574154488555633	0.24901694527543294	0.314911809473468	20
assessment	0.5	0.01	broker_fill_rate	0.006615256333541592	0.0004798166023934058	0.005610988643027726	0.007619524024055458	20
assessment	0.5	0.01	broker_holdout_rank	-0.026984024390243888	0.007098369801141322	-0.0418410831311182	-0.012126965649369572	20
assessment	0.5	0.01	broker_net_output_per_requested_position	0.21575840569139765	0.039847167410051315	0.1323573258021254	0.2991594855806699	20
assessment	0.5	0.01	broker_selected_rank	0.00479100782978924	0.002748247597324144	-0.0009611404988800355	0.010543156158458515	20
assessment	0.5	0.01	mean_degree	-9.037837499999998	0.5098015669804516	-10.104864442665132	-7.970810557334864	20
assessment	0.5	0.01	net_output_per_requested_position	0.20957822055413936	0.01809433891935526	0.17170633394731233	0.24745010716096638	20
assessment	0.5	0.01	outsourcing_rate	0.24015030316740002	0.02530670212191848	0.18718276688847885	0.2931178394463212	20
assessment	0.5	0.01	q_gap	0.8793569678403745	0.08726411973899126	0.6967110661398989	1.06200286954085	20
assessment	0.5	0.01	rank_gap	0.049143325515947446	0.009128781778244992	0.030036565666636414	0.06825008536525848	20
assessment	0.5	0.01	self_fill_rate	0.0012725265736745872	0.000363032738358523	0.0005126903197524804	0.002032362827596694	20
assessment	0.5	0.01	self_net_output_per_requested_position	-0.6953197704080873	0.06701601410534871	-0.8355858999611487	-0.555053640855026	20
assessment	0.5	0.02	access_fraction	-0.08280890730197753	0.0018464380925544777	-0.08651946356966715	-0.0790983510342879	50
assessment	0.5	0.02	agent_holdout_rank	-0.07730947654784241	0.002826143301756473	-0.08298882414363089	-0.07163012895205394	50
assessment	0.5	0.02	betweenness	0.17818549103249276	0.008625694538363978	0.1608515088851556	0.19551947317982993	50
assessment	0.5	0.02	broker_fill_rate	0.007473052000800165	0.00038403494465660533	0.0067013048858259525	0.008244799115774377	50
assessment	0.5	0.02	broker_holdout_rank	-0.033966834896810516	0.0032451337540489785	-0.04048817533011959	-0.02744549446350144	50
assessment	0.5	0.02	broker_net_output_per_requested_position	0.25508447691490554	0.01937787175106558	0.21614318569569793	0.29402576813411313	50
assessment	0.5	0.02	broker_selected_rank	0.012891666472047423	0.000949180399492835	0.010984217045658183	0.014799115898436663	50
assessment	0.5	0.02	mean_degree	-7.884276	0.2790072200376592	-8.44496200036795	-7.323589999632051	50
assessment	0.5	0.02	net_output_per_requested_position	0.3092061790565066	0.008158984564667293	0.29281008571523154	0.32560227239778167	50
assessment	0.5	0.02	outsourcing_rate	0.14826747029070614	0.013127564859709737	0.12188664102482547	0.1746482995565868	50
assessment	0.5	0.02	q_gap	0.8811123740745112	0.06906966089950697	0.7423116938939482	1.019913054255074	50
assessment	0.5	0.02	rank_gap	0.043342641651031875	0.004038472965141168	0.035227026384468285	0.051458256917595466	50
assessment	0.5	0.02	self_fill_rate	0.0011419513156592865	0.0003304517071772427	0.00047788374784881685	0.001806018883469756	50
assessment	0.5	0.02	self_net_output_per_requested_position	-0.6507994583102718	0.056431841877221764	-0.7642034903323295	-0.537395426288214	50
assessment	0.5	0.03	access_fraction	-0.10504242750359497	0.004666108645582923	-0.1148087051392826	-0.09527614986790733	20
assessment	0.5	0.03	agent_holdout_rank	-0.0780401219512195	0.0057734506279794534	-0.09012409299251925	-0.06595615090991974	20
assessment	0.5	0.03	betweenness	0.15416282061325268	0.020194848115800617	0.11189451773175965	0.1964311234947457	20
assessment	0.5	0.03	broker_fill_rate	0.009025108894334633	0.0010691346956909992	0.006787384258850863	0.011262833529818403	20
assessment	0.5	0.03	broker_holdout_rank	-0.03742512195121949	0.005857412586554255	-0.049684827391471544	-0.025165416510967438	20
assessment	0.5	0.03	broker_net_output_per_requested_position	0.344309055142657	0.04114071383982382	0.2582005514603769	0.43041755882493704	20
assessment	0.5	0.03	broker_selected_rank	0.017768031333040037	0.004457975457144907	0.008437381467273864	0.027098681198806207	20
assessment	0.5	0.03	mean_degree	-6.501994999999996	0.40874957703020126	-7.35751769695343	-5.646472303046563	20
assessment	0.5	0.03	net_output_per_requested_position	0.3739308851264175	0.016175922112291234	0.3400742910431567	0.4077874792096783	20
assessment	0.5	0.03	outsourcing_rate	0.14082880652643304	0.0322923835105417	0.073240071064691	0.20841754198817508	20
assessment	0.5	0.03	q_gap	0.9335328015904725	0.14676263260078157	0.6263550812687475	1.2407105219121974	20
assessment	0.5	0.03	rank_gap	0.04061499999999996	0.008960927906667592	0.021859562341525987	0.059370437658473926	20
assessment	0.5	0.03	self_fill_rate	0.0018004968196398575	0.0009348925052754458	-0.00015625568218769815	0.0037572493214674133	20
assessment	0.5	0.03	self_net_output_per_requested_position	-0.6136751915773305	0.12005015192669947	-0.8649430472952846	-0.36240733585937646	20
assessment	1.0	0.0	access_fraction	-0.012627884119005218	0.003262093493946371	-0.01945552426956382	-0.0058002439684466155	20
assessment	1.0	0.0	agent_holdout_rank	-0.023608667917448416	0.0031869176662549484	-0.030278963252338816	-0.016938372582558016	20
assessment	1.0	0.0	betweenness	-0.0009693406216995562	0.0003181925577708835	-0.001635325299047721	-0.0003033559443513913	20
assessment	1.0	0.0	broker_fill_rate	0.0013002185432739732	0.00024393175408001227	0.0007896635143504953	0.0018107735721974512	20
assessment	1.0	0.0	broker_holdout_rank	0.17756058630393998	0.032907220052428625	0.10868498317049939	0.24643618943738055	20
assessment	1.0	0.0	broker_net_output_per_requested_position	0.04682433315736674	0.010164797303503649	0.02554916789294888	0.0680994984217846	20
assessment	1.0	0.0	broker_selected_rank	0.014818347737460246	0.0020359501033502822	0.010557055197573021	0.019079640277347473	20
assessment	1.0	0.0	mean_degree	-1.7344025000000003	0.9450462740513583	-3.712407084118441	0.2436020841184403	20
assessment	1.0	0.0	net_output_per_requested_position	0.006133511231276323	0.005090764685379238	-0.004521581710554772	0.01678860417310742	20
assessment	1.0	0.0	outsourcing_rate	0.03849731904395028	0.007414897956482099	0.02297775926005023	0.054016878827850334	20
assessment	1.0	0.0	q_gap	-0.00798961409300104	0.019468826309774215	-0.04873833587045584	0.03275910768445375	20
assessment	1.0	0.0	rank_gap	0.2011692542213884	0.03337723716560609	0.13130989396408382	0.271028614478693	20
assessment	1.0	0.0	self_fill_rate	3.349042138753866e-5	1.3066849852521023e-5	6.141190330870484e-6	6.0839652444206834e-5	20
assessment	1.0	0.0	self_net_output_per_requested_position	0.05012052840414447	0.015555726514258647	0.017562018626003997	0.08267903818228495	20
assessment	1.0	0.01	access_fraction	-0.05194000636362226	0.006240078915188643	-0.0650006416345182	-0.03887937109272632	20
assessment	1.0	0.01	agent_holdout_rank	-0.0968599765478424	0.009439096152563217	-0.11661623184703014	-0.07710372124865465	20
assessment	1.0	0.01	betweenness	-0.09572280407281297	0.01196654558175285	-0.12076907182359517	-0.07067653632203078	20
assessment	1.0	0.01	broker_fill_rate	0.007529956297697427	0.0008734842663206089	0.005701732717141198	0.009358179878253655	20
assessment	1.0	0.01	broker_holdout_rank	-0.031458944652908064	0.0037260554556857776	-0.03925766834971771	-0.023660220956098415	20
assessment	1.0	0.01	broker_net_output_per_requested_position	0.2669985170642889	0.03293102834080997	0.19807308261057188	0.3359239515180059	20
assessment	1.0	0.01	broker_selected_rank	0.013621002500969615	0.005183407147961169	0.002772006656494916	0.024469998345444312	20
assessment	1.0	0.01	mean_degree	-7.764855	0.9138152878821328	-9.677492378823358	-5.852217621176641	20
assessment	1.0	0.01	net_output_per_requested_position	0.1713765910367113	0.009345209147513064	0.1518168434974899	0.1909363385759327	20
assessment	1.0	0.01	outsourcing_rate	0.22369339576117125	0.02982905992433551	0.1612604558191501	0.2861263357031924	20
assessment	1.0	0.01	q_gap	0.4899823798356753	0.07397355344555344	0.33515395308407325	0.6448108065872773	20
assessment	1.0	0.01	rank_gap	0.06540103189493433	0.010838777182991583	0.042715210530561015	0.08808685325930765	20
assessment	1.0	0.01	self_fill_rate	0.003348945897412353	0.00023779873108524115	0.0028512274331431702	0.003846664361681536	20
assessment	1.0	0.01	self_net_output_per_requested_position	-0.24209781061503238	0.06272452619507243	-0.37338175274268315	-0.11081386848738164	20
assessment	1.0	0.03	access_fraction	-0.10231145734130616	0.008806895108935958	-0.12074450064896	-0.08387841403365232	20
assessment	1.0	0.03	agent_holdout_rank	-0.11174365853658537	0.003714656296768779	-0.11951852351958171	-0.10396879355358903	20
assessment	1.0	0.03	betweenness	-0.284471267870564	0.02770260584297362	-0.34245348826969996	-0.226489047471428	20
assessment	1.0	0.03	broker_fill_rate	0.010820243764188064	0.0017225310074409528	0.0072149449311499705	0.014425542597226157	20
assessment	1.0	0.03	broker_holdout_rank	-0.03587196060037525	0.005163985028762232	-0.04668030548217899	-0.025063615718571512	20
assessment	1.0	0.03	broker_net_output_per_requested_position	0.30874021054362744	0.05883090394058979	0.1856057134533884	0.4318747076338665	20
assessment	1.0	0.03	broker_selected_rank	0.03402743979366334	0.005652195107152414	0.022197259474184387	0.0458576201131423	20
assessment	1.0	0.03	mean_degree	-7.046732499999999	0.6063703978145072	-8.315880328506898	-5.777584671493099	20
assessment	1.0	0.03	net_output_per_requested_position	0.2664579577462634	0.009641799191789358	0.2462774401100737	0.28663847538245313	20
assessment	1.0	0.03	outsourcing_rate	0.1725449976528991	0.04650969826534311	0.07519908042026353	0.2698909148855347	20
assessment	1.0	0.03	q_gap	0.7365598431675254	0.14121252782802707	0.44099862563966197	1.0321210606953888	20
assessment	1.0	0.03	rank_gap	0.07587169793621014	0.004653203082350989	0.06613243195480263	0.08561096391761765	20
assessment	1.0	0.03	self_fill_rate	0.004554914801863175	0.0020440051749272318	0.0002767628034054141	0.008833066800320935	20
assessment	1.0	0.03	self_net_output_per_requested_position	-0.45047990922540293	0.09904089246895277	-0.6577748795329879	-0.24318493891781798	20
assessment_vs_access	0.0	0.0	access_fraction	-0.00805750780776785	0.0004013755206063916	-0.008897596427247686	-0.007217419188288014	20
assessment_vs_access	0.0	0.0	agent_holdout_rank	-0.02555314761119639	0.004245138872392304	-0.03443832538541725	-0.01666796983697553	20
assessment_vs_access	0.0	0.0	betweenness	0.2057889560629877	0.00795290777218257	0.18914332879331877	0.22243458333265662	20
assessment_vs_access	0.0	0.0	broker_fill_rate	0.0025812476497441227	0.00024068048271087377	0.0020774976100036606	0.003084997689484585	20
assessment_vs_access	0.0	0.0	broker_holdout_rank	-0.05877306517330906	0.012821385144384249	-0.08560853269133865	-0.03193759765527947	20
assessment_vs_access	0.0	0.0	broker_net_output_per_requested_position	0.005886754422280882	0.014256076186614257	-0.023951555957780243	0.035725064802342006	20
assessment_vs_access	0.0	0.0	broker_selected_rank	-0.005105916528677923	0.0016292075532366628	-0.008515887127225966	-0.001695945930129881	20
assessment_vs_access	0.0	0.0	mean_degree	-16.539212499999998	0.6907147186246075	-17.98489502081517	-15.093529979184828	20
assessment_vs_access	0.0	0.0	net_output_per_requested_position	0.07647871656856098	0.0034638168248736887	0.06922886463403613	0.08372856850308583	20
assessment_vs_access	0.0	0.0	outsourcing_rate	0.06362532602941465	0.003982470558763983	0.05528991935394873	0.07196073270488057	20
assessment_vs_access	0.0	0.0	q_gap	-0.1523161828060168	0.02990215529170423	-0.21490211311020646	-0.08973025250182713	20
assessment_vs_access	0.0	0.0	rank_gap	-0.03321991756211266	0.012750843481121689	-0.05990773968209574	-0.006532095442129574	20
assessment_vs_access	0.0	0.0	self_fill_rate	0.00022122814426090988	3.859690894687346e-5	0.00014044388540929641	0.00030201240311252334	20
assessment_vs_access	0.0	0.0	self_net_output_per_requested_position	0.1852081314486025	0.016337866550590767	0.15101258376050308	0.2194036791367019	20
assessment_vs_access	0.0	0.01	access_fraction	-0.06310113105727631	0.0016068719655874604	-0.06646435273360524	-0.0597379093809474	20
assessment_vs_access	0.0	0.01	agent_holdout_rank	-0.055867987283718924	0.006096806245937912	-0.0686287494115338	-0.04310722515590405	20
assessment_vs_access	0.0	0.01	betweenness	0.25352270469911875	0.0056270236895479145	0.24174520876216957	0.2653002006360679	20
assessment_vs_access	0.0	0.01	broker_fill_rate	0.005561188604200335	0.0002374031401247024	0.005064298121327266	0.006058079087073403	20
assessment_vs_access	0.0	0.01	broker_holdout_rank	-0.045368283207307666	0.0048927576810316835	-0.055608942726097996	-0.03512762368851734	20
assessment_vs_access	0.0	0.01	broker_net_output_per_requested_position	-0.08184096451798242	0.01274347735541513	-0.10851336915967388	-0.05516855987629096	20
assessment_vs_access	0.0	0.01	broker_selected_rank	0.009724024390151053	0.0012034124369334884	0.007205253212275139	0.012242795568026967	20
assessment_vs_access	0.0	0.01	mean_degree	-12.124142499999996	0.2380104762531472	-12.62230415199901	-11.625980848000982	20
assessment_vs_access	0.0	0.01	net_output_per_requested_position	0.07682552011569736	0.01285075290682513	0.04992858516445486	0.10372245506693986	20
assessment_vs_access	0.0	0.01	outsourcing_rate	0.1637994367992626	0.00543217937432615	0.15242975470093728	0.1751691188975879	20
assessment_vs_access	0.0	0.01	q_gap	0.13775179669596005	0.06513310321894313	0.0014266449204527742	0.27407694847146735	20
assessment_vs_access	0.0	0.01	rank_gap	0.010499704076411367	0.007074523997556632	-0.004307444823963497	0.025306852976786233	20
assessment_vs_access	0.0	0.01	self_fill_rate	0.0010425930882883184	0.0005935067960233004	-0.00019963091224325545	0.002284817088819892	20
assessment_vs_access	0.0	0.01	self_net_output_per_requested_position	-0.20755860194993767	0.07124849152842647	-0.35668340855924097	-0.05843379534063439	20
assessment_vs_access	0.0	0.03	access_fraction	-0.12746163254735007	0.0014312509168689837	-0.13045727514425082	-0.12446598995044934	20
assessment_vs_access	0.0	0.03	agent_holdout_rank	-0.08752495608050485	0.004926791223943436	-0.09783684862326622	-0.07721306353774349	20
assessment_vs_access	0.0	0.03	betweenness	0.15837409706139768	0.0034540505784919364	0.15114468611547113	0.16560350800732423	20
assessment_vs_access	0.0	0.03	broker_fill_rate	0.005686421418446335	0.00030387481623140173	0.005050404118545107	0.006322438718347563	20
assessment_vs_access	0.0	0.03	broker_holdout_rank	-0.030943777123960035	0.002314442901619581	-0.03578796178960438	-0.02609959245831569	20
assessment_vs_access	0.0	0.03	broker_net_output_per_requested_position	-0.04882500294440302	0.01308389883596306	-0.07620991793351858	-0.021440087955287457	20
assessment_vs_access	0.0	0.03	broker_selected_rank	0.018448738768629642	0.001011503102139081	0.01633163844474392	0.020565839092515362	20
assessment_vs_access	0.0	0.03	mean_degree	-9.15432	0.13970237887436948	-9.44672043944212	-8.861919560557881	20
assessment_vs_access	0.0	0.03	net_output_per_requested_position	0.03949804384938327	0.012529299400663222	0.013273918818911528	0.065722168879855	20
assessment_vs_access	0.0	0.03	outsourcing_rate	0.0812797028383607	0.005255283843720789	0.07028026734070972	0.09227913833601167	20
assessment_vs_access	0.0	0.03	q_gap	0.46885029754858715	0.044936568304387914	0.3747969791649412	0.562903615932233	20
assessment_vs_access	0.0	0.03	rank_gap	0.056581178956544784	0.004762965683461895	0.046612177210737724	0.06655018070235184	20
assessment_vs_access	0.0	0.03	self_fill_rate	-0.0009331885074218893	0.0007051400697258154	-0.0024090636350851736	0.0005426866202413952	20
assessment_vs_access	0.0	0.03	self_net_output_per_requested_position	-0.5676540682531201	0.03963042496104577	-0.6506015009830124	-0.48470663552322785	20
assessment_vs_access	0.5	0.0	access_fraction	-0.014496241809039963	0.0008394676656633372	-0.01625326782617132	-0.012739215791908606	20
assessment_vs_access	0.5	0.0	agent_holdout_rank	-0.013306130393996224	0.0027964136677065903	-0.019159091466582283	-0.007453169321410165	20
assessment_vs_access	0.5	0.0	betweenness	0.17189430901689615	0.006760508726434444	0.15774440163243156	0.18604421640136073	20
assessment_vs_access	0.5	0.0	broker_fill_rate	0.004105021323422481	0.00037783240013540624	0.00331420902140425	0.004895833625440712	20
assessment_vs_access	0.5	0.0	broker_holdout_rank	0.03249113977485933	0.011579760898946655	0.008254421669067192	0.056727857880651475	20
assessment_vs_access	0.5	0.0	broker_net_output_per_requested_position	0.03179553297599904	0.012506527402500568	0.005619070285448675	0.057971995666549404	20
assessment_vs_access	0.5	0.0	broker_selected_rank	-0.00015724453214421285	0.0017736225433332834	-0.0038694791787816196	0.003554990114493194	20
assessment_vs_access	0.5	0.0	mean_degree	-20.509499999999996	0.9772387770827603	-22.554884267334774	-18.464115732665217	20
assessment_vs_access	0.5	0.0	net_output_per_requested_position	0.07334195335732714	0.003095803897073643	0.06686236133302102	0.07982154538163326	20
assessment_vs_access	0.5	0.0	outsourcing_rate	0.07851663775194735	0.0054789976808787945	0.0670489638118207	0.089984311692074	20
assessment_vs_access	0.5	0.0	q_gap	-0.24649428869882115	0.04074444254814605	-0.3317733870355482	-0.16121519036209409	20
assessment_vs_access	0.5	0.0	rank_gap	0.045797270168855556	0.011829998833492545	0.021036798046733415	0.07055774229097769	20
assessment_vs_access	0.5	0.0	self_fill_rate	0.0002152881860291056	5.2982930463878325e-5	0.00010439363809516544	0.0003261827339630457	20
assessment_vs_access	0.5	0.0	self_net_output_per_requested_position	0.2744089800868178	0.029510504336477065	0.21264278465285058	0.336175175520785	20
assessment_vs_access	0.5	0.001	access_fraction	-0.021868165576381236	0.0010654684843833414	-0.024098216743409534	-0.01963811440935294	20
assessment_vs_access	0.5	0.001	agent_holdout_rank	-0.015412195121951217	0.0029937416706848196	-0.021678168451379064	-0.00914622179252337	20
assessment_vs_access	0.5	0.001	betweenness	0.28285959798730353	0.0074637639644681425	0.26723776047324577	0.2984814355013613	20
assessment_vs_access	0.5	0.001	broker_fill_rate	0.005218864452780037	0.00039424446227677364	0.00439370130991748	0.006044027595642593	20
assessment_vs_access	0.5	0.001	broker_holdout_rank	0.0025467354596622306	0.011079682072414184	-0.02064330563309717	0.02573677655242163	20
assessment_vs_access	0.5	0.001	broker_net_output_per_requested_position	0.059631958258633724	0.017318042074060413	0.023384879622370104	0.09587903689489735	20
assessment_vs_access	0.5	0.001	broker_selected_rank	0.0037590562597760004	0.0013908374243392467	0.0008480000748626597	0.0066701124446893415	20
assessment_vs_access	0.5	0.001	mean_degree	-17.558739999999997	0.8483751038137861	-19.3344094994434	-15.783070500556596	20
assessment_vs_access	0.5	0.001	net_output_per_requested_position	0.07639649542483747	0.011139494976917208	0.053081264484189206	0.09971172636548573	20
assessment_vs_access	0.5	0.001	outsourcing_rate	0.17545330988900892	0.007124786071498798	0.16054096125884865	0.1903656585191692	20
assessment_vs_access	0.5	0.001	q_gap	-0.3133947518466357	0.04899116286355696	-0.41593443417349546	-0.2108550695197759	20
assessment_vs_access	0.5	0.001	rank_gap	0.017958930581613457	0.01152413518508674	-0.0061613615670262495	0.04207922273025316	20
assessment_vs_access	0.5	0.001	self_fill_rate	0.0010820788795790348	6.94474798991075e-5	0.0009367236336321653	0.0012274341255259045	20
assessment_vs_access	0.5	0.001	self_net_output_per_requested_position	0.3736143586541064	0.037574008375165426	0.29497105530434586	0.45225766200386697	20
assessment_vs_access	0.5	0.01	access_fraction	-0.07136289296368573	0.0023128765227210944	-0.07620379916061723	-0.06652198676675422	20
assessment_vs_access	0.5	0.01	agent_holdout_rank	-0.0315641416510319	0.0032859193965131778	-0.038441649988780816	-0.024686633313282982	20
assessment_vs_access	0.5	0.01	betweenness	0.3280977485491503	0.013473441702285814	0.299897510970598	0.3562979861277026	20
assessment_vs_access	0.5	0.01	broker_fill_rate	0.006602228234412072	0.0004747503139547458	0.005608564407466892	0.0075958920613572525	20
assessment_vs_access	0.5	0.01	broker_holdout_rank	-0.004424221388367772	0.005767241405442249	-0.016495196377537987	0.007646753600802443	20
assessment_vs_access	0.5	0.01	broker_net_output_per_requested_position	0.025772003916371022	0.026375578676936132	-0.0294327167033952	0.08097672453613725	20
assessment_vs_access	0.5	0.01	broker_selected_rank	0.009603999224759402	0.002340848185506304	0.004704547664776663	0.01450345078474214	20
assessment_vs_access	0.5	0.01	mean_degree	-11.215767500000002	0.4000146561011531	-12.053007797335583	-10.37852720266442	20
assessment_vs_access	0.5	0.01	net_output_per_requested_position	0.0792847775804348	0.014240812485998362	0.04947841449292203	0.10909114066794756	20
assessment_vs_access	0.5	0.01	outsourcing_rate	0.24030149727291422	0.017861833792535673	0.20291624948929385	0.27768674505653457	20
assessment_vs_access	0.5	0.01	q_gap	0.4123111260621492	0.05946943874694549	0.2878401602626307	0.5367820918616677	20
assessment_vs_access	0.5	0.01	rank_gap	0.027139920262664142	0.006046947159604073	0.014483514401876814	0.03979632612345147	20
assessment_vs_access	0.5	0.01	self_fill_rate	0.0014731908338468213	0.0004336543158750146	0.0005655419194224364	0.0023808397482712063	20
assessment_vs_access	0.5	0.01	self_net_output_per_requested_position	-0.36407783218348805	0.06471011298324852	-0.49951765522090663	-0.22863800914606944	20
assessment_vs_access	0.5	0.02	access_fraction	-0.10389651609526988	0.0012390113959566606	-0.10638640271510533	-0.10140662947543444	50
assessment_vs_access	0.5	0.02	agent_holdout_rank	-0.05004760600375235	0.002667341964247694	-0.055407830364060176	-0.04468738164344452	50
assessment_vs_access	0.5	0.02	betweenness	0.23829383771714105	0.008549288810850398	0.22111339862779	0.2554742768064921	50
assessment_vs_access	0.5	0.02	broker_fill_rate	0.007346751498077037	0.00035681653614384637	0.006629701822844133	0.008063801173309942	50
assessment_vs_access	0.5	0.02	broker_holdout_rank	-0.008135682926829303	0.0018184061640808566	-0.011789906925209362	-0.0044814589284492435	50
assessment_vs_access	0.5	0.02	broker_net_output_per_requested_position	-0.0004935377767318983	0.018510256219752833	-0.03769129030886468	0.03670421475540089	50
assessment_vs_access	0.5	0.02	broker_selected_rank	0.01586372720731654	0.0008505368390101232	0.014154509437375618	0.017572944977257463	50
assessment_vs_access	0.5	0.02	mean_degree	-10.08781	0.17424395393721256	-10.43796633505171	-9.737653664948288	50
assessment_vs_access	0.5	0.02	net_output_per_requested_position	0.06734911791552609	0.009458992258596128	0.04834056130445413	0.08635767452659804	50
assessment_vs_access	0.5	0.02	outsourcing_rate	0.1513616631016909	0.012349110806181531	0.1265451958250234	0.17617813037835842	50
assessment_vs_access	0.5	0.02	q_gap	0.6566774415340695	0.05492414636921016	0.5463032370700429	0.767051645998096	50
assessment_vs_access	0.5	0.02	rank_gap	0.041911923076923055	0.003050882532868477	0.03578094508748043	0.04804290106636568	50
assessment_vs_access	0.5	0.02	self_fill_rate	-0.00016007921484608055	0.00040090820017431853	-0.0009657344062784434	0.0006455759765862823	50
assessment_vs_access	0.5	0.02	self_net_output_per_requested_position	-0.6988765320255229	0.047620340725834265	-0.7945731895318164	-0.6031798745192294	50
assessment_vs_access	0.5	0.03	access_fraction	-0.134470728507576	0.002620124038699016	-0.13995471114610647	-0.12898674586904552	20
assessment_vs_access	0.5	0.03	agent_holdout_rank	-0.06200151969981238	0.0036210067968774073	-0.06958037402685277	-0.05442266537277198	20
assessment_vs_access	0.5	0.03	betweenness	0.20680576172351017	0.019251592017903708	0.1665117165443827	0.24709980690263764	20
assessment_vs_access	0.5	0.03	broker_fill_rate	0.008905859721552657	0.000995570904064478	0.006822105871476676	0.010989613571628637	20
assessment_vs_access	0.5	0.03	broker_holdout_rank	-0.009483231707317064	0.0016427647803879493	-0.012921577908403826	-0.006044885506230302	20
assessment_vs_access	0.5	0.03	broker_net_output_per_requested_position	0.0428501430841862	0.04304679523243644	-0.04724783480249221	0.13294812097086461	20
assessment_vs_access	0.5	0.03	broker_selected_rank	0.021882604754344948	0.0016723477544189056	0.01838234067701046	0.025382868831679437	20
assessment_vs_access	0.5	0.03	mean_degree	-8.5598875	0.3175324620345514	-9.224490581093809	-7.895284418906191	20
assessment_vs_access	0.5	0.03	net_output_per_requested_position	0.07249846847759338	0.012238716866041752	0.04688253968187531	0.09811439727331145	20
assessment_vs_access	0.5	0.03	outsourcing_rate	0.13816356010476055	0.03155885091654174	0.07211012600695296	0.20421699420256814	20
assessment_vs_access	0.5	0.03	q_gap	0.6756686851731498	0.13298763235444394	0.3973223717164899	0.9540149986298098	20
assessment_vs_access	0.5	0.03	rank_gap	0.05251828799249532	0.004062404521566006	0.044015577610120586	0.06102099837487005	20
assessment_vs_access	0.5	0.03	self_fill_rate	-0.0006142870312386639	0.0011052236982292028	-0.002927546817134496	0.0016989727546571683	20
assessment_vs_access	0.5	0.03	self_net_output_per_requested_position	-0.6853230956938522	0.10794405034449933	-0.9112525895951509	-0.4593936017925535	20
assessment_vs_access	1.0	0.0	access_fraction	-0.021357842075896437	0.002094638522509204	-0.025741970888798482	-0.01697371326299439	20
assessment_vs_access	1.0	0.0	agent_holdout_rank	-0.018420820825515955	0.0027278158935919758	-0.024130205106801257	-0.012711436544230653	20
assessment_vs_access	1.0	0.0	betweenness	0.030753215116774084	0.0015943549884147935	0.02741619177475604	0.03409023845879213	20
assessment_vs_access	1.0	0.0	broker_fill_rate	0.0015263019214657614	0.0001672946185483005	0.001176150260671106	0.001876453582260417	20
assessment_vs_access	1.0	0.0	broker_holdout_rank	0.17206860225140713	0.0329033632972011	0.10320107139942972	0.24093613310338455	20
assessment_vs_access	1.0	0.0	broker_net_output_per_requested_position	0.1032173554992876	0.012789401691429303	0.07644883011763574	0.12998588088093946	20
assessment_vs_access	1.0	0.0	broker_selected_rank	0.007797713483954349	0.001320191920761237	0.005034520037365571	0.010560906930543127	20
assessment_vs_access	1.0	0.0	mean_degree	-35.02978	1.5147102227228317	-38.200104931617055	-31.859455068382946	20
assessment_vs_access	1.0	0.0	net_output_per_requested_position	0.052364420013756255	0.006391115475544932	0.03898766158893951	0.065741178438573	20
assessment_vs_access	1.0	0.0	outsourcing_rate	0.032675662725882196	0.0025631405202025726	0.027310947962269582	0.038040377489494806	20
assessment_vs_access	1.0	0.0	q_gap	0.023009828294904538	0.01446535101962411	-0.007266499344628492	0.05328615593443757	20
assessment_vs_access	1.0	0.0	rank_gap	0.19048942307692313	0.03352395363479336	0.12032298172043174	0.2606558644334145	20
assessment_vs_access	1.0	0.0	self_fill_rate	4.9457451735351875e-5	1.2002455687193676e-5	2.4336023270085693e-5	7.457888020061806e-5	20
assessment_vs_access	1.0	0.0	self_net_output_per_requested_position	0.07488363639431297	0.005613268326881547	0.06313493076230162	0.08663234202632433	20
assessment_vs_access	1.0	0.01	access_fraction	-0.06422055003546667	0.002700753118920629	-0.06987329127838582	-0.05856780879254753	20
assessment_vs_access	1.0	0.01	agent_holdout_rank	-0.015212640712945553	0.00513047853250453	-0.02595085569210298	-0.004474425733788126	20
assessment_vs_access	1.0	0.01	betweenness	0.22845561037576217	0.01046913899413027	0.2065434506321035	0.25036777011942085	20
assessment_vs_access	1.0	0.01	broker_fill_rate	0.00659811520009187	0.0006551675353423872	0.005226833788952848	0.007969396611230892	20
assessment_vs_access	1.0	0.01	broker_holdout_rank	-0.018789835834896802	0.0025554201159422143	-0.024138391606682727	-0.013441280063110878	20
assessment_vs_access	1.0	0.01	broker_net_output_per_requested_position	0.1925478095059247	0.02951443958824082	0.13077337749535578	0.25432224151649363	20
assessment_vs_access	1.0	0.01	broker_selected_rank	0.01117563046687715	0.003298035544167752	0.004272762740640446	0.018078498193113857	20
assessment_vs_access	1.0	0.01	mean_degree	-11.30412	0.5502876032895987	-12.455885190527827	-10.152354809472172	20
assessment_vs_access	1.0	0.01	net_output_per_requested_position	0.07725861709636576	0.0059175964469087745	0.06487294538870456	0.08964428880402697	20
assessment_vs_access	1.0	0.01	outsourcing_rate	0.18680151350240728	0.02036050819406408	0.14418648009225368	0.2294165469125609	20
assessment_vs_access	1.0	0.01	q_gap	0.5818882877277027	0.07057361068602808	0.43417602295539864	0.7296005525000069	20
assessment_vs_access	1.0	0.01	rank_gap	-0.003577195121951247	0.004510171995290829	-0.013017093597613674	0.00586270335371118	20
assessment_vs_access	1.0	0.01	self_fill_rate	0.003619031054355665	0.00023617946442955535	0.0031247017541473337	0.004113360354563996	20
assessment_vs_access	1.0	0.01	self_net_output_per_requested_position	-0.39249799908234245	0.06562350453453905	-0.5298495726077055	-0.2551464255569794	20
assessment_vs_access	1.0	0.03	access_fraction	-0.12280746912968374	0.0038513243186693276	-0.13086838356998634	-0.11474655468938114	20
assessment_vs_access	1.0	0.03	agent_holdout_rank	-0.04980797373358346	0.004339823239548105	-0.05889132816583784	-0.04072461930132908	20
assessment_vs_access	1.0	0.03	betweenness	0.24892142578488716	0.022412675061766207	0.20201115775697323	0.29583169381280106	20
assessment_vs_access	1.0	0.03	broker_fill_rate	0.01024421633170387	0.0017240379295238248	0.006635763474498207	0.013852669188909532	20
assessment_vs_access	1.0	0.03	broker_holdout_rank	-0.013802870544090084	0.002306089399634219	-0.018629571129140522	-0.008976169959039645	20
assessment_vs_access	1.0	0.03	broker_net_output_per_requested_position	0.1683444833403073	0.05504032416808965	0.053143760894064626	0.28354520578654996	20
assessment_vs_access	1.0	0.03	broker_selected_rank	0.03269002025936894	0.006501657273120785	0.019081895193208402	0.046298145325529484	20
assessment_vs_access	1.0	0.03	mean_degree	-8.410622499999999	0.5276736321553688	-9.515056104978187	-7.30618889502181	20
assessment_vs_access	1.0	0.03	net_output_per_requested_position	0.10520962694288001	0.01149644277709715	0.081147295670287	0.12927195821547302	20
assessment_vs_access	1.0	0.03	outsourcing_rate	0.13088271196956708	0.04169450342969121	0.04361511335461361	0.21815031058452056	20
assessment_vs_access	1.0	0.03	q_gap	0.4844081102851562	0.11363745172034742	0.24656219035280608	0.7222540302175062	20
assessment_vs_access	1.0	0.03	rank_gap	0.0360051031894934	0.005603578608309874	0.024276678371532988	0.047733528007453806	20
assessment_vs_access	1.0	0.03	self_fill_rate	0.0075765273086416006	0.000750737944559444	0.0060052147321216325	0.009147839885161569	20
assessment_vs_access	1.0	0.03	self_net_output_per_requested_position	-0.3324105531214453	0.08406182793119654	-0.508353981038972	-0.15646712520391862	20
