seed	pair_agent_holdout_rank	pair_broker_holdout_rank	pair_rank_gap	pair_agent_holdout_r2	pair_broker_holdout_r2	pair_r2_gap	pair_output_gap	pair_outsourcing_rate	pair_access_fraction	pair_betweenness	pair_mean_degree	size_matched_agent_holdout_rank	size_matched_broker_holdout_rank	size_matched_rank_gap	size_matched_agent_holdout_r2	size_matched_broker_holdout_r2	size_matched_r2_gap	size_matched_output_gap	size_matched_outsourcing_rate	size_matched_access_fraction	size_matched_betweenness	size_matched_mean_degree	single_principal_agent_holdout_rank	single_principal_broker_holdout_rank	single_principal_rank_gap	single_principal_agent_holdout_r2	single_principal_broker_holdout_r2	single_principal_r2_gap	single_principal_output_gap	single_principal_outsourcing_rate	single_principal_access_fraction	single_principal_betweenness	single_principal_mean_degree	additive_agent_holdout_rank	additive_broker_holdout_rank	additive_rank_gap	additive_agent_holdout_r2	additive_broker_holdout_r2	additive_r2_gap	additive_output_gap	additive_outsourcing_rate	additive_access_fraction	additive_betweenness	additive_mean_degree	size_matched_minus_pair_agent_holdout_rank	size_matched_minus_pair_broker_holdout_rank	size_matched_minus_pair_rank_gap	size_matched_minus_pair_agent_holdout_r2	size_matched_minus_pair_broker_holdout_r2	size_matched_minus_pair_r2_gap	size_matched_minus_pair_output_gap	size_matched_minus_pair_outsourcing_rate	size_matched_minus_pair_access_fraction	size_matched_minus_pair_betweenness	size_matched_minus_pair_mean_degree	single_principal_minus_pair_agent_holdout_rank	single_principal_minus_pair_broker_holdout_rank	single_principal_minus_pair_rank_gap	single_principal_minus_pair_agent_holdout_r2	single_principal_minus_pair_broker_holdout_r2	single_principal_minus_pair_r2_gap	single_principal_minus_pair_output_gap	single_principal_minus_pair_outsourcing_rate	single_principal_minus_pair_access_fraction	single_principal_minus_pair_betweenness	single_principal_minus_pair_mean_degree	additive_minus_pair_agent_holdout_rank	additive_minus_pair_broker_holdout_rank	additive_minus_pair_rank_gap	additive_minus_pair_agent_holdout_r2	additive_minus_pair_broker_holdout_r2	additive_minus_pair_r2_gap	additive_minus_pair_output_gap	additive_minus_pair_outsourcing_rate	additive_minus_pair_access_fraction	additive_minus_pair_betweenness	additive_minus_pair_mean_degree
1	0.43424418386491564	0.8364334896810506	0.402189305816135	-2.5027128700858126	0.404073592405953	2.906786462491765	0.6127444480661206	0.9493523964526263	0.09994199780240702	0.7604665852947122	18.434450000000002	0.6989911819887429	0.7501634146341465	0.05117223264540347	-0.3175463743524291	-0.22848868770158764	0.08905768665084146	0.39994725503979744	0.7308470746691695	0.33443178768151216	0.49647806247154874	36.830850000000005	0.7194970919324578	0.26773996247654785	-0.4517571294559099	-0.06309456315796787	-1.958058780203937	-1.8949642170459697	0.27371330914369796	0.3765656158840428	0.29907462711310095	0.12547404296626455	24.729099999999995	0.703247373358349	0.14532138836772984	-0.5579259849906192	-0.12048293653709896	-69.47830617801041	-69.35782324147331	0.34922554658155847	0.3582983390575868	0.06572795529927014	0.20083507067990286	18.50415	0.26474699812382724	-0.0862700750469041	-0.3510170731707315	2.1851664957333834	-0.6325622801075406	-2.8177287758409237	-0.21279719302632316	-0.21850532178345672	0.23448978987910513	-0.2639885228231635	18.396400000000003	0.28525290806754217	-0.5686935272045027	-0.853946435272045	2.4396183069278448	-2.36213237260989	-4.801750679537735	-0.33903113892242265	-0.5727867805685835	0.19913262931069392	-0.6349925423284477	6.294649999999994	0.2690031894934333	-0.6911121013133208	-0.9601152908067542	2.3822299335487136	-69.88237977041636	-72.26460970396508	-0.26351890148456214	-0.5910540573950395	-0.03421404250313688	-0.5596315146148094	0.06969999999999743
2	0.4431981238273922	0.8368242964352719	0.3936261726078798	-2.7952354586868147	0.5104495526575907	3.305685011344406	0.49255958695980945	0.9585076846503693	0.09243516511872596	0.8121390325043066	18.03935	0.6937611632270169	0.7668543151969981	0.07309315196998122	-0.5053334908310949	0.09400667566446137	0.5993401664955564	0.3216676191206759	0.7584934534106098	0.32894110733372345	0.5500121396852824	36.7615	0.7326339587242027	0.09914455909943713	-0.6334893996247655	0.02221639514263418	-1.777996810791981	-1.8002132059346145	0.2282827102072226	0.30355450763998076	0.1898783959386791	0.14546406466240533	21.855349999999994	0.6971996247654785	0.20018555347091932	-0.4970140712945591	-0.16677097106537234	-37.735685912333835	-37.56891494126846	0.24354171865302177	0.35587877363589354	0.13101543164187618	0.1640406124570974	17.6717	0.25056303939962465	-0.0699699812382738	-0.32053302063789857	2.2899019678557195	-0.4164428769931294	-2.706344844848849	-0.17089196783913357	-0.20001423123975948	0.2365059422149975	-0.26212689281902424	18.72215	0.28943583489681046	-0.7376797373358348	-1.0271155722326453	2.8174518538294486	-2.2884463634495718	-5.10589821727902	-0.2642768767525868	-0.6549531770103885	0.09744323081995315	-0.6666749678419013	3.8159999999999954	0.25400150093808627	-0.6366387429643525	-0.8906402439024389	2.6284644876214425	-38.246135464991426	-40.87459995261287	-0.24901786830678768	-0.6026289110144758	0.03858026652315022	-0.6480984200472093	-0.3676499999999976
3	0.5165352720450281	0.8131007504690432	0.29656547842401504	-2.29305185839016	0.3810942755930384	2.6741461339831982	0.6219133392181273	0.9306055726097048	0.11060857368361347	0.8174088138887987	17.29465	0.7201974671669794	0.7447705440900562	0.024573076923076788	-0.21108857454446966	-0.2289150764218189	-0.017826501877349254	0.49304800340393234	0.7691651490958107	0.31805141566292383	0.49164554203623984	37.2984	0.6990405253283302	0.35032223264540346	-0.34871829268292676	-0.14308514953821716	-2.017427265177365	-1.8743421156391478	0.2908722770532773	0.424431485255341	0.25383413651141373	0.1230654998261935	25.8216	0.7138462476547842	0.32251848030018765	-0.3913277673545966	-0.013102645648862044	-53.453109347427656	-53.44000670177879	0.3029304649989489	0.3863431521768218	0.10454486040895417	0.24158734603370471	17.381999999999998	0.20366219512195127	-0.06833020637898701	-0.27199240150093823	2.0819632838456905	-0.6100093520148573	-2.6919726358605476	-0.12886533581419496	-0.1614404235138941	0.20744284197931034	-0.3257632718525589	20.00375	0.18250525328330203	-0.4627785178236397	-0.6452837711069418	2.149966708851943	-2.3985215407704032	-4.548488249622346	-0.33104106216485	-0.5061740873543638	0.14322556282780025	-0.6943433140626052	8.52695	0.19731097560975608	-0.4905822701688555	-0.6878932457786117	2.279949212741298	-53.83420362302069	-56.11415283576199	-0.3189828742191784	-0.544262420432883	-0.0060637132746593075	-0.575821467855094	0.08734999999999715
4	0.5161733583489682	0.8439367729831144	0.3277634146341464	-2.1961121642109918	0.5671728423857451	2.763285006596737	0.50977316657105	0.9378633746540055	0.11751362327750894	0.8176089583722614	18.638650000000002	0.7383189493433395	0.7680931519699813	0.02977420262664172	-0.12258819667888796	-0.009487712397366102	0.11310048428152189	0.3593111883222687	0.7021482110189177	0.3728558510818839	0.5297504998212902	38.07475	0.7343816135084429	0.2717443714821764	-0.46263724202626644	0.15688363734084393	-1.1155359618817497	-1.2724195992225937	0.17147264786525623	0.3336335622526728	0.27403575221090665	0.16180752867139694	19.846049999999998	0.7174679174484052	0.2580528142589118	-0.45941510318949347	0.10194317340686454	-17.906501571860975	-18.008444745267845	0.24618065033947073	0.349385367547583	0.13670398430853548	0.18308045993894465	17.1161	0.22214559099437137	-0.07584362101313313	-0.29798921200750467	2.073523967532104	-0.5766605547831112	-2.6501845223152154	-0.15046197824878127	-0.23571516363508782	0.255342227804375	-0.28785845855097125	19.4361	0.21820825515947473	-0.5721924015009381	-0.7904006566604128	2.3529958015518355	-1.6827088042674947	-4.035704605819331	-0.33830051870579375	-0.6042298124013327	0.1565221289333977	-0.6558014297008645	1.2073999999999963	0.20129455909943705	-0.5858839587242026	-0.7871785178236399	2.298055337617856	-18.47367441424672	-20.771729751864584	-0.26359251623157925	-0.5884780071064225	0.01919036103102653	-0.6345284984333168	-1.5225500000000025
5	0.45834277673545964	0.8375413696060038	0.37919859287054414	-2.9265656042256936	0.4566434820754415	3.383209086301135	0.475987254289808	0.9593067678975421	0.11357624299320054	0.7821908184680505	18.01845	0.7137415572232644	0.7135488742964353	-0.00019268292682925737	-0.3067978953407254	-0.2107321522408562	0.09606574309986922	0.3386167890911615	0.6451446781169012	0.3456275686753588	0.43848232104774354	36.32889999999999	0.7149984052532834	-0.03909212007504691	-0.7540905253283301	-0.11834511582235215	-3.706215375810045	-3.5878702599876924	0.2554912413530143	0.2843241916058449	0.19278936967317986	0.1428402751847962	22.3862	0.6962517823639776	-0.033762382739212	-0.7300141651031896	-0.22278138638246409	-90.53000885133119	-90.30722746494874	0.29948001666645085	0.3085392624372531	0.15259667900808968	0.2310563775228193	18.326	0.25539878048780473	-0.12399249530956846	-0.3793912757973734	2.619767708884968	-0.6673756343162977	-3.287143343201266	-0.13737046519864649	-0.31416208978064086	0.23205132568215828	-0.34370849742030696	18.31044999999999	0.25665562851782375	-0.8766334896810507	-1.1332891181988742	2.8082204884033413	-4.162858857885487	-6.971079346288827	-0.22049601293679366	-0.6749825762916972	0.07921312667997932	-0.6393505432832542	4.367749999999997	0.2379090056285179	-0.8713037523452157	-1.1092127579737339	2.7037842178432294	-90.98665233340662	-93.69043655124987	-0.17650723762335713	-0.650767505460289	0.03902043601488914	-0.5511344409452312	0.3075499999999991
6	0.4917037523452158	0.8032644465290806	0.311560694183865	-2.3935539200072684	0.4376787741606207	2.831232694167889	0.5991254368706863	0.9150138279451996	0.1258589068063838	0.7752100547057671	19.8501	0.69178808630394	0.6835140712945591	-0.008274015009380936	-0.3580965912829166	-0.4291267990803256	-0.0710302077974089	0.4286949352644789	0.6263009804907428	0.3929977108486953	0.4787908514152277	35.3243	0.6939379924953095	0.2955986866791745	-0.398339305816135	-0.03779081727566391	-2.4431303529295474	-2.4053395356538836	0.24340167770206103	0.3172455249060905	0.3013616342492139	0.08649531664378032	26.086650000000002	0.6980665103189493	0.2577641651031895	-0.44030234521575984	0.005606669467157939	-28.865045385271127	-28.870652054738287	0.10004409968013221	0.28499341075527757	0.12110785915578659	0.09294139572024629	20.5799	0.20008433395872416	-0.11975037523452148	-0.31983470919324597	2.035457328724352	-0.8668055732409463	-2.902262901965298	-0.17043050160620743	-0.2887128474544568	0.2671388040423115	-0.2964192032905394	15.4742	0.20223424015009372	-0.5076657598499061	-0.7099	2.3557631027316046	-2.880809127090168	-5.236572229821773	-0.3557237591686253	-0.5977683030391091	0.1755027274428301	-0.6887147380619868	6.236550000000001	0.2063627579737335	-0.5455002814258911	-0.7518630393996248	2.3991605894744263	-29.302724159431747	-31.701884748906174	-0.4990813371905541	-0.630020417189922	-0.004751047650597223	-0.6822686589855208	0.7297999999999973
7	0.44772035647279546	0.8037218574108819	0.35600150093808636	-3.1536654477452397	0.38320292965477754	3.5368683774000176	0.38938206356095006	0.935793628763322	0.12009697139221645	0.8267961337091745	17.386	0.7025019699812383	0.7084717636022514	0.005969793621013219	-0.6433552674018143	-0.23072664454969782	0.41262862285211643	0.26820139709683327	0.6144879970144989	0.34620238383596663	0.45689014733120026	34.76615	0.7172258911819887	-0.16919493433395877	-0.8864208255159474	-0.4732349251142126	-8.882984004790703	-8.40974907967649	-0.0453520787051941	0.141062979605037	0.2510207168352434	0.14573230333664342	20.91105	0.6811454033771108	0.4149389305816135	-0.26620647279549725	-0.20294187597376281	-29.282412098092436	-29.079470222118676	0.20428625170697448	0.38048273332094806	0.12714275001006456	0.12792817576053336	18.66485	0.2547816135084428	-0.09525009380863048	-0.3500317073170731	2.5103101803434256	-0.6139295742044754	-3.1242397545479013	-0.12118066646411679	-0.3213056317488231	0.22610541244375018	-0.3699059863779742	17.380150000000004	0.2695055347091932	-0.9729167917448407	-1.2424223264540337	2.680430522631027	-9.26618693444548	-11.946617457076508	-0.43473414226614415	-0.794730649158285	0.13092374544302696	-0.681063830372531	3.5250500000000002	0.23342504690431537	-0.38878292682926835	-0.6222079737335836	2.950723571771477	-29.665615027747215	-32.61633859951869	-0.18509581185397558	-0.5553108954423739	0.0070457786178481085	-0.6988679579486411	1.278850000000002
8	0.4903759849906192	0.8287926829268292	0.33841669793621004	-2.2012176360241513	0.5293099628506701	2.7305275988748225	0.4069247538767387	0.9387989549764064	0.12491021508468861	0.7594075916280284	18.989549999999998	0.7354798311444654	0.7367627579737335	0.0012829268292681938	-0.07091250350858577	0.20259150275576582	0.27350400626435156	0.3113294203147975	0.6809243664891701	0.37434122237518813	0.39840193888979913	39.36805	0.7428409943714822	0.2602855534709193	-0.4825554409005629	0.17899667051749116	-0.588111574307173	-0.767108244824664	-0.09616417808907421	0.2057951751623326	0.21054961687832	0.1002923442655191	21.68035	0.7334976547842401	0.3445032833020638	-0.3889943714821763	0.15445410499724957	-27.322626157545933	-27.477080262543183	0.07727678122534572	0.2498968249065682	0.17836969641990166	0.13958874333546042	19.98905	0.24510384615384617	-0.0920299249530957	-0.33713377110694187	2.1303051325155655	-0.3267184600949043	-2.457023592610471	-0.09559533356194122	-0.2578745884872363	0.24943100729049952	-0.36100565273822927	20.3785	0.252465009380863	-0.5685071294559099	-0.820972138836773	2.3802143065416423	-1.117421537157843	-3.4976358436994865	-0.503088931965813	-0.7330037798140738	0.08563940179363139	-0.6591152473625093	2.690800000000003	0.24312166979362093	-0.48428939962476536	-0.7274110694183864	2.3556717410214008	-27.851936120396605	-30.207607861418005	-0.329647972651393	-0.6889021300698382	0.053459481335213055	-0.619818848292568	0.9995000000000012
9	0.4883545966228892	0.8186294559099438	0.33027485928705447	-2.405234701874192	0.19945326565252935	2.6046879675267225	0.5258272703396226	0.9437386234538254	0.1171904279996792	0.7814619879586723	17.892449999999997	0.688386210131332	0.7450753283302064	0.05668911819887438	-0.4792349689523017	-0.1570636011247029	0.3221713678275989	0.44681582061116665	0.6784552215616924	0.3303298135028048	0.47383243290181676	33.4006	0.7093303939962478	0.08473001876172606	-0.6246003752345215	-0.0697943961148858	-8.505641647666423	-8.435847251551538	0.4262818284251052	0.33375678235824535	0.2638221646821851	0.18232422605666893	23.1385	0.6978966228893058	0.10528677298311444	-0.5926098499061914	-0.2045505427746379	-119.27555258712741	-119.07100204435278	0.5085837014471875	0.35745593411538273	0.14631377551104535	0.2264739829167246	17.45175	0.20003161350844284	-0.07355412757973745	-0.27358574108818007	1.9259997329218905	-0.35651686677723227	-2.2825165996991235	-0.07901144972845597	-0.26528340189213306	0.2131393855031256	-0.3076295550568555	15.50815	0.22097579737335854	-0.7338994371482178	-0.954875234521576	2.3354403057593065	-8.705094913318952	-11.04053521907826	-0.09954544191451742	-0.6099818410955801	0.1466317366825059	-0.5991377619020033	5.246050000000004	0.20954202626641655	-0.7133426829268295	-0.9228847091932458	2.2006841590995543	-119.47500585277993	-121.67569001187951	-0.017243568892435168	-0.5862826893384427	0.02912334751136615	-0.5549880050419477	-0.4406999999999961
10	0.4729370544090056	0.7775513133208255	0.30461425891182	-2.081856186316869	0.3950721871929627	2.476928373509832	0.5007144755647847	0.9080849165830298	0.11423104877858763	0.7725668883987644	19.236849999999997	0.6885454033771106	0.7161732645403378	0.02762786116322703	-0.21366328160948528	-0.04140141897650766	0.17226186263297763	0.41015294447442086	0.652790853701442	0.36972297446783153	0.44862619654365743	39.3579	0.7023792682926828	0.31997270168855535	-0.38240656660412753	-0.09678991652642578	-1.5828888364642442	-1.4860989199378183	0.1570984698455839	0.3602233556980976	0.35865875213334814	0.13139428838203202	27.186149999999998	0.6824363039399625	0.28492879924953096	-0.39750750469043145	-0.18924658395468924	-45.72272477815695	-45.53347819420226	0.16243779023532193	0.3965079929627602	0.12332827898293208	0.17432157287472255	19.166000000000004	0.215608348968105	-0.06137804878048769	-0.27698639774859296	1.868192904707384	-0.4364736061694704	-2.3046665108768543	-0.0905615310903638	-0.25529406288158785	0.2554919256892439	-0.323940691855107	20.121050000000004	0.22944221388367725	-0.45757861163227015	-0.6870208255159476	1.9850662697904433	-1.977961023657207	-3.9630272934476505	-0.34361600571920076	-0.5478615608849322	0.2444277033547605	-0.6411726000167324	7.949300000000001	0.2094992495309569	-0.49262251407129454	-0.7021217636022514	1.89260960236218	-46.11779696534992	-48.010406567712096	-0.33827668532946276	-0.5115769236202696	0.009097230204344456	-0.5982453155240419	-0.07084999999999297
11	0.4699808630393997	0.8334531894934333	0.3634723264540337	-2.6505883441001177	0.4132596374948953	3.0638479815950133	0.7255658741230471	0.9401050329483462	0.11546496876259586	0.7292401879718698	17.885650000000002	0.7243994371482176	0.7546782363977486	0.030278799249530964	-0.29843817478888673	-0.053502953987450606	0.2449352208014362	0.5591439996236143	0.7625624847856338	0.29176627044909054	0.5048876121600869	36.757999999999996	0.6948682926829269	0.12269559099437151	-0.5721727016885554	-0.14851669612976154	-2.2367448183234484	-2.0882281221936867	0.3426303994816843	0.40502740324768893	0.22229591196676726	0.1759820985113916	22.012999999999998	0.6905265478424015	0.1789830206378987	-0.5115435272045028	-0.15580733093523735	-57.70587155558995	-57.55006422465472	0.3417657934672861	0.41567672274033995	0.1047228601305725	0.2419371443544735	18.172150000000002	0.25441857410881796	-0.07877495309568472	-0.33319352720450274	2.3521501693112308	-0.4667625914823459	-2.818912760793577	-0.1664218744994328	-0.17754254816271242	0.17630130168649466	-0.22435257581178292	18.872349999999994	0.22488742964352726	-0.7107575984990617	-0.9356450281425891	2.502071647970356	-2.6500044558183435	-5.1520761037886995	-0.3829354746413628	-0.5350776297006573	0.1068309432041714	-0.5532580894604783	4.127349999999996	0.22054568480300185	-0.6544701688555346	-0.8750158536585365	2.4947810131648804	-58.11913119308485	-60.61391220624973	-0.383800080655761	-0.5244283102080063	-0.010742108632023364	-0.48730304361739635	0.2865000000000002
12	0.455462382739212	0.7945896810506565	0.33912729831144456	-2.923475299050446	0.4029703027965034	3.3264456018469497	0.5917806674912603	0.9378949167926546	0.1126011451796924	0.815702514887862	18.14645	0.6737080675422139	0.6943870544090056	0.02067898686679171	-0.4543572307329315	-0.18268256112020623	0.27167466961272535	0.44169357465022224	0.7222818002426246	0.3657810682914478	0.491130202511689	38.21885	0.6772227016885555	0.24074643527204503	-0.4364762664165104	-0.020306889365204063	-1.4688948981183931	-1.4485880087531893	0.06630442626371927	0.3327589780070183	0.2841771074828377	0.1221573710691279	20.4225	0.6588045966228894	0.21024202626641655	-0.4485625703564728	-0.15698068079673627	-51.81246490936716	-51.655484228570415	0.11683240834586806	0.3716001925804057	0.13666779236971385	0.16388083802201558	17.697200000000002	0.21824568480300188	-0.10020262664165092	-0.31844831144465285	2.4691180683175147	-0.5856528639167097	-3.0547709322342245	-0.1500870928410381	-0.21561311655003002	0.2531799231117554	-0.32457231237617307	20.072400000000002	0.22176031894934345	-0.5538432457786115	-0.7756035647279549	2.903168409685242	-1.8718652009148966	-4.775033610600139	-0.5254762412275411	-0.6051359387856363	0.1715759623031453	-0.6935451438187341	2.276049999999998	0.20334221388367735	-0.58434765478424	-0.7876898686679173	2.76649461825371	-52.21543521216366	-54.981929830417364	-0.4749482591453923	-0.5662947242122489	0.024066647190021453	-0.6518216768658465	-0.44924999999999926
13	0.5356726078799249	0.7950959662288931	0.2594233583489681	-2.004243784948205	0.34598537209664476	2.3502291570448497	0.6794402656355807	0.9331943589755485	0.1162921031711734	0.7807962527982613	18.1678	0.7037361163227016	0.7067989681050657	0.003062851782364018	-0.3354249732453706	-0.4820082810243762	-0.14658330777900558	0.557302921347363	0.697190958391326	0.35334911514352607	0.4566537303571194	37.6552	0.6743226078799249	0.1943515947467167	-0.4799710131332082	-0.21839032098884878	-2.8164922832483716	-2.5981019622595234	0.3570262759741318	0.3971478518238323	0.2745395185610953	0.15443892684283483	23.97155	0.6911996247654784	0.23823827392120073	-0.4529613508442775	-0.12290196603857857	-90.46223565699054	-90.33933369095197	0.419770734001227	0.39545543295856506	0.14573288366275228	0.23876343196634336	17.2503	0.16806350844277673	-0.08829699812382741	-0.2563605065666041	1.6688188117028342	-0.827993653121021	-2.496812464823855	-0.12213734428821765	-0.23600340058422242	0.23705701197235268	-0.32414252244114183	19.4874	0.13865000000000005	-0.6007443714821764	-0.7393943714821763	1.7858534639593562	-3.1624776553450165	-4.948331119304373	-0.3224139896614489	-0.5360465071517162	0.15824741538992193	-0.6263573259554265	5.803750000000001	0.15552701688555348	-0.5568576923076924	-0.7123847091932456	1.8813418189096263	-90.80822102908719	-92.68956284799683	-0.2596695316343537	-0.5377389260169834	0.029440780491578875	-0.5420328208319178	-0.9175000000000004
14	0.4966174484052532	0.8441809568480299	0.3475635084427767	-2.299724526491205	0.5761113219368431	2.8758358484280477	0.6411585596322467	0.9428294761377476	0.10154348980955012	0.7831436626620446	17.80045	0.7526836772983115	0.7649722326454034	0.012288555347091867	-0.007739522082778177	0.09222011845880211	0.09995964054158031	0.4231184088495108	0.7781402008751834	0.3959537924197245	0.4473888250174656	41.18405	0.7253499999999999	0.4709446529080676	-0.25440534709193224	0.025371545560403247	-0.4697234874871059	-0.4950950330475091	0.17394538592207306	0.46390341511916333	0.2277011850472273	0.11459652171808128	25.621249999999996	0.736234803001876	0.4540632270168855	-0.2821715759849906	0.08080964868293869	-7.182679202925416	-7.263488851608355	0.10162449686344983	0.4368328459203238	0.1428538850592395	0.21741647738155648	16.818450000000002	0.25606622889305836	-0.07920872420262648	-0.33527495309568484	2.291985004408427	-0.483891203478041	-2.7758762078864674	-0.21804015078273586	-0.16468927526256416	0.29441030261017437	-0.33575483764457903	23.383599999999998	0.22873255159474676	-0.37323630393996227	-0.6019688555347089	2.3250960720516085	-1.045834809423949	-3.370930881475557	-0.46721317371017357	-0.47892606101858426	0.12615769523767717	-0.6685471409439633	7.820799999999995	0.23961735459662287	-0.39011772983114434	-0.6297350844277674	2.380534175174144	-7.75879052486226	-10.139324700036402	-0.5395340627687968	-0.5059966302174238	0.041310395249689366	-0.5657271852804882	-0.9819999999999993
15	0.4701722326454033	0.790393339587242	0.3202211069418387	-2.7274300200948063	0.45694564590934783	3.1843756660041542	0.4148135511705127	0.9365533412248623	0.11088639397030309	0.8270734817699339	18.0817	0.6796240150093809	0.6800133208255159	0.0003893058161351104	-0.2644201383255174	-0.010782222987618164	0.25363791533789926	0.2561491613940946	0.6134256017829951	0.34932090061615695	0.4374621781577095	34.864	0.7096591932457786	0.37881078799249523	-0.33084840525328346	0.0871268551042717	-0.23428061595287925	-0.32140747105715095	0.08965649641403298	0.30524542606828964	0.41257352331835245	0.1315993907968105	22.902899999999995	0.6985486866791745	0.2660313320825516	-0.4325173545966228	0.0371605177032547	-16.974054747291298	-17.011215264994547	0.028100385627489288	0.2900500318830884	0.14052257004495491	0.1173366074436905	18.782000000000004	0.20945178236397755	-0.1103800187617261	-0.3198318011257036	2.4630098817692887	-0.467727868896966	-2.930737750666255	-0.1586643897764181	-0.32312773944186723	0.23843450664585386	-0.3896113036122244	16.782299999999996	0.23948696060037533	-0.41158255159474677	-0.6510695121951222	2.814556875199078	-0.6912262618622271	-3.505783137061305	-0.3251570547564797	-0.6313079151565727	0.30168712934804937	-0.6954740909731234	4.821199999999994	0.22837645403377116	-0.5243620075046904	-0.7527384615384616	2.764590537798061	-17.431000393200645	-20.1955909309987	-0.38671316554302343	-0.6465033093417739	0.029636176074651827	-0.7097368743262434	0.7003000000000021
16	0.45500112570356477	0.8184357410881802	0.3634346153846154	-2.9603752759667463	0.48901227790264706	3.4493875538693928	0.5442872587075543	0.947961355503916	0.10474303851784024	0.7627089331745819	17.311700000000002	0.7076077861163228	0.6756258911819887	-0.031981894934333975	-0.4409684184695428	-0.24314934855290504	0.19781906991663775	0.3250935562982266	0.7092002104749693	0.3436516930830635	0.45347614607412945	36.99755	0.6930830206378987	0.3215081613508443	-0.3715748592870544	-0.11906879597303703	-0.723683383208138	-0.604614587235101	0.16709567905384798	0.36111327416458777	0.20185880677580167	0.11226613700732287	22.037399999999998	0.6752271106941838	0.28951622889305817	-0.3857108818011258	-0.348460153102633	-28.83456244157814	-28.486102288475507	0.18224879611014755	0.4190070297089856	0.09714661645269489	0.18412414311206093	18.45425	0.25260666041275803	-0.1428098499061915	-0.39541651031894937	2.5194068574972035	-0.7321616264555522	-3.251568483952755	-0.21919370240932773	-0.23876114502894674	0.23890865456522326	-0.30923278710045243	19.685849999999995	0.23808189493433396	-0.49692757973733587	-0.7350094746716698	2.841306479993709	-1.212695661110785	-4.054002141104494	-0.37719157965370637	-0.5868480813393282	0.09711576825796144	-0.650442796167259	4.725699999999996	0.22022598499061907	-0.528919512195122	-0.7491454971857412	2.6119151228641133	-29.323574719480785	-31.9354898423449	-0.3620384625974068	-0.5289543257949304	-0.007596422065145353	-0.578584790062521	1.1425499999999964
17	0.4731416510318949	0.7918324577861162	0.3186908067542214	-3.0102266024661257	0.22169434004701896	3.2319209425131445	0.5267851203291365	0.9296455079009244	0.11075644046128588	0.7780867509660405	18.25035	0.7127891181988744	0.6881044090056285	-0.024684709193245752	-0.28096762469969705	-0.41855063169684736	-0.13758300699715026	0.3952305762560715	0.6755554361899764	0.3430472066827931	0.4705291422637143	36.165800000000004	0.6511677298311445	0.3038514071294559	-0.3473163227016886	-0.3085037447622805	-0.8846126412596036	-0.5761088964973229	0.2130014448679673	0.4046806004788589	0.17860788299365096	0.088245039535584	22.8701	0.6254495309568481	0.32036791744840526	-0.3050816135084427	-0.3720139171521729	-19.507258087477204	-19.13524417032503	0.1635575243023494	0.49390822187417643	0.12070247361812521	0.14404902225619248	18.299600000000005	0.23964746716697943	-0.10372804878048769	-0.3433755159474672	2.7292589777664285	-0.6402449717438663	-3.3695039495102947	-0.131554544073065	-0.254090071710948	0.2322907662215072	-0.30755760870232624	17.915450000000003	0.17802607879924953	-0.4879810506566603	-0.66600712945591	2.701722857703845	-1.1063069813066226	-3.8080298390104677	-0.3137836754611692	-0.5249649074220655	0.06785144253236508	-0.6898417114304565	4.61975	0.15230787992495315	-0.47146454033771096	-0.6237724202626641	2.638212685313953	-19.728952427524224	-22.367165112838176	-0.3632275960267871	-0.43573728602674794	0.009946033156839326	-0.634037728709848	0.049250000000004235
18	0.46345328330206376	0.8285820825515948	0.36512879924953084	-2.4866683779848153	0.5213291820194016	3.007997560004217	0.6515427580930353	0.9565538960276012	0.11524768935322742	0.7976146156862411	17.97185	0.7200157598499063	0.740529549718574	0.020513789868667854	-0.2424773259451271	0.12757983069079057	0.37005715663591765	0.5166558444729468	0.7084932186217581	0.3247121093361212	0.4892541290305207	34.84585	0.6961837711069419	0.3662726078799249	-0.3299111632270169	-0.11003770149302428	-0.5601200297170683	-0.45008232822404404	0.22248651788509677	0.36412421972975484	0.23620882955642553	0.13324928250878235	22.25565	0.7142290806754222	0.2017847091932458	-0.5124443714821765	-0.18217401022851237	-73.6264733176377	-73.44429930740918	0.21431146340187796	0.3452043105039405	0.11768840999342396	0.21349647614620065	17.0672	0.25656247654784253	-0.08805253283302084	-0.344615009380863	2.2441910520396884	-0.393749351328611	-2.637940403368299	-0.13488691362008853	-0.24806067740584314	0.20946441998289378	-0.30836048665572047	16.874	0.2327304878048781	-0.46230947467166994	-0.6950399624765478	2.376630676491791	-1.0814492117364698	-3.458079888228261	-0.42905624020793853	-0.5924296762978464	0.1209611402031981	-0.6643653331774588	4.283799999999999	0.2507757973733585	-0.6267973733583491	-0.8775731707317074	2.304494367756303	-74.1478024996571	-76.4522968674134	-0.43723129469115735	-0.6113495855236607	0.002440720640196542	-0.5841181395400405	-0.9046500000000002
19	0.4588356472795496	0.7807139774859287	0.32187833020637907	-2.454616375112353	0.41591160445577235	2.8705279795681258	0.4046276373802761	0.9644312551584633	0.1003724366797781	0.8071517651430563	18.414849999999998	0.6916126641651031	0.7636008442776736	0.07198818011257044	-0.37648940664696606	-0.0827431959162373	0.29374621073072876	0.29015461337933524	0.6716700079665002	0.2942543947994152	0.46417696789622453	34.68570000000001	0.7013167917448404	0.2918863039399625	-0.4094304878048779	-0.02509360137868869	-1.1655103064459955	-1.1404167050673069	0.22788092291556783	0.3937764703208043	0.1828298151271446	0.10835377145871727	23.08825	0.692253564727955	0.24210609756097562	-0.4501474671669793	-0.16332415382824284	-34.01266076125418	-33.84933660742594	0.24305754702561072	0.3790451073622739	0.1430049109237526	0.16515671419206593	17.0084	0.23277701688555352	-0.017113133208255138	-0.24989015009380863	2.0781269684653867	-0.49865480037200965	-2.576781768837397	-0.11447302400094084	-0.29276124719196306	0.19388195811963707	-0.3429747972468318	16.270850000000014	0.2424811444652908	-0.48882767354596623	-0.731308818011257	2.429522773733664	-1.581421910901768	-4.010944684635433	-0.17674671446470824	-0.570654784837659	0.0824573784473665	-0.698797993684339	4.673400000000001	0.23341791744840534	-0.5386078799249532	-0.7720257973733584	2.29129222128411	-34.428572365709954	-36.71986458699406	-0.16157009035466535	-0.5853861477961894	0.04263247424397448	-0.6419950509509904	-1.406449999999996
20	0.4198354596622889	0.8602984052532834	0.4404629455909944	-2.9357516984704075	0.5510346235818693	3.4867863220522772	0.4729801648105192	0.9807788876308206	0.11543670108784668	0.8018838080073978	18.832050000000002	0.7350129455909944	0.7559451219512195	0.020932176360225145	-0.16621568327746972	0.20074586040663248	0.3669615436841022	0.1880296623055088	0.6927466861090148	0.3876889716536604	0.4450582358872949	38.012249999999995	0.728994277673546	0.28396998123827394	-0.4450242964352721	0.16617542663361357	-0.472491712000616	-0.6386671386342297	0.06592615055903706	0.24923452861176004	0.29777264470198894	0.09271545322427513	22.62435	0.7071761726078799	0.2996305816135084	-0.4075455909943715	0.05219916053296423	-3.8676845319950486	-3.919883692528014	0.032093221967130756	0.3464690157568485	0.14407437210971213	0.09361955404127216	20.09895	0.3151774859287055	-0.10435328330206384	-0.41953076923076926	2.769536015192938	-0.35028876317523683	-3.119824778368175	-0.2849505025050104	-0.28803220152180575	0.2722522705658137	-0.3568255721201029	19.180199999999992	0.30915881801125705	-0.5763284240150095	-0.8854872420262665	3.1019271251040212	-1.0235263355824853	-4.125453460686507	-0.40705401425148213	-0.7315443590190605	0.18233594361414227	-0.7091683547831227	3.7922999999999973	0.287340712945591	-0.560667823639775	-0.8480085365853659	2.9879508590033717	-4.418719155576918	-7.406670014580291	-0.4408869428433884	-0.634309871873972	0.028637671021865457	-0.7082642539661256	1.2668999999999961
21	0.5517544090056286	0.8154228893058162	0.26366848030018764	-1.8865920427279057	0.45397178310893826	2.340563825836844	0.6913772797959233	0.899493413339348	0.1225067927320688	0.7583563897014727	18.266550000000002	0.7084453095684803	0.7660806754221388	0.05763536585365847	-0.22878927273581923	0.0656202193228983	0.2944094920587175	0.6127383175550667	0.7495830954286625	0.3900696314564386	0.47929629209155145	38.638	0.7146694183864916	0.33661388367729833	-0.37805553470919323	-0.16211041218777403	-1.7538833521596033	-1.591772939971829	0.44331308985172135	0.4039720455272976	0.2747236541142927	0.10977401363101244	25.6894	0.6965872420262664	0.2929424015009381	-0.40364484052532834	-0.28674347967616354	-61.475449290917894	-61.18870581124172	0.5052204873994385	0.4534944269540174	0.10066712126175847	0.2503791628485462	16.88245	0.15669090056285173	-0.04934221388367743	-0.20603311444652916	1.6578027699920865	-0.38835156378603997	-2.0461543337781265	-0.07863896224085665	-0.14991031791068543	0.2675628387243698	-0.27906009760992123	20.371449999999996	0.162915009380863	-0.47880900562851786	-0.6417240150093808	1.7244816305401316	-2.2078551352685416	-3.932336765808673	-0.24806418994420198	-0.49552136781205036	0.15221686138222393	-0.6485823760704602	7.422849999999997	0.14483283302063787	-0.5224804878048781	-0.667313320825516	1.5998485630517423	-61.929421074026834	-63.52926963707856	-0.18615679239648486	-0.44599898638533053	-0.021839671470310323	-0.5079772268529265	-1.3841000000000037
22	0.4781067542213885	0.8279035647279549	0.3497968105065666	-2.4086558549325403	0.14660301838896603	2.555258873321506	0.617877533167186	0.9282041372737432	0.1151107941561796	0.7758066397835258	16.38965	0.7038936210131332	0.7735386491557222	0.06964502814258908	-0.3262402325201194	-0.07692800017195517	0.24931223234816433	0.4866757640684101	0.7598846820590637	0.3159736182132159	0.5026097444786652	37.90315	0.7057357410881802	0.012249718574108824	-0.6934860225140714	-0.03410445996558535	-3.4068914847456653	-3.3727870247800795	0.2142962018336835	0.2987096758439271	0.2205851566919506	0.14695941090549228	20.55665	0.7373439962476548	0.29907870544090054	-0.43826529080675425	0.12947560363575214	-15.293764160111532	-15.423239763747285	0.023486064596279353	0.36274106006546813	0.15244723802955332	0.15167096311967945	18.835600000000003	0.22578686679174476	-0.054364915572232664	-0.28015178236397753	2.082415622412421	-0.2235310185609212	-2.3059466409733416	-0.13120176909877584	-0.1683194552146795	0.20086282405703632	-0.2731968953048606	21.513499999999997	0.22762898686679167	-0.8156538461538461	-1.043282833020638	2.374551394966955	-3.5534945031346314	-5.928045898101585	-0.4035813313335025	-0.6294944614298161	0.10547436253577101	-0.6288472288780336	4.167000000000002	0.2592372420262663	-0.5288248592870544	-0.7880621013133209	2.5381314585682926	-15.440367178500498	-17.97849863706879	-0.5943914685709066	-0.565463077208275	0.03733644387337372	-0.6241356766638464	2.4459500000000034
23	0.4730989681050657	0.8375616322701689	0.3644626641651032	-2.9570978587769905	0.4399283494910254	3.3970262082680156	0.35629203394416664	0.9555258743946469	0.11018273193683661	0.8504504441439039	17.383599999999998	0.6955948405253284	0.7053815196998126	0.009786679174484125	-0.31168753380703074	-0.25214818993838134	0.059539343868649355	0.25557989829755934	0.6946446382162109	0.35253578180435546	0.49501883339592956	35.159949999999995	0.7355080324824227	0.17552310155968692	-0.5599849309227359	0.08726199727898618	-0.6378131755920711	-0.7250751728710573	-0.0412467640036273	0.23207552005967078	0.335002264780211	0.1149761087361592	19.5816	0.7178260787992496	0.18877992495309573	-0.5290461538461537	-0.03567100769321948	-18.198335656011807	-18.162664648318586	-0.03797030267966324	0.28221728856484185	0.1831673993157872	0.1655658899116071	17.81565	0.2224958724202627	-0.13218011257035633	-0.3546759849906191	2.64541032496996	-0.6920765394294067	-3.337486864399366	-0.1007121356466073	-0.26088123617843595	0.24235304986751885	-0.35543161074797436	17.776349999999997	0.262409064377357	-0.6620385307104819	-0.9244475950878391	3.044359856055977	-1.0777415250830964	-4.122101381139073	-0.39753879794779395	-0.7234503543349761	0.2248195328433744	-0.7354743354077448	2.198000000000004	0.24472711069418396	-0.6487817073170732	-0.8935088180112569	2.921426851083771	-18.638264005502833	-21.559690856586602	-0.39426233662382987	-0.673308585829805	0.0729846673789506	-0.6848845542322968	0.4320500000000038
24	0.5013252345215761	0.7891783302063788	0.28785309568480294	-1.9468307712522523	0.30088293514923825	2.2477137064014903	0.6387298634627645	0.906625498279045	0.11900152419641512	0.7185865370915177	18.35535	0.701891651031895	0.7026549718574109	0.0007633208255159562	-0.23200297503511275	-0.22637739194393597	0.005625583091176745	0.4991150468305607	0.663554800273493	0.349584375031899	0.4085104832289808	38.35485	0.6754361163227017	-0.07831932457786119	-0.7537554409005629	-0.3472642161995973	-4.330772319387647	-3.9835081031880484	0.32480284101881923	0.32030131644651577	0.22908413772084124	0.1756467206263998	20.991400000000002	0.6697078799249531	-0.1141640712945591	-0.7838719512195121	-0.3399669703000216	-133.1620598036249	-132.8220928333249	0.43870058037883874	0.3494725974328341	0.06983895926621639	0.24202019457083696	18.0511	0.20056641651031892	-0.08652335834896796	-0.287089774859287	1.7148277962171397	-0.5272603270931742	-2.2420881233103134	-0.13961481663220382	-0.24307069800555203	0.23058285083548385	-0.31007605386253684	19.999499999999998	0.17411088180112566	-0.86749765478424	-1.0416085365853658	1.599566555052655	-4.631655254536885	-6.231221809589538	-0.31392702244394527	-0.5863241818325293	0.11008261352442612	-0.5429398164651178	2.636050000000001	0.168382645403377	-0.9033424015009379	-1.0717250469043151	1.6068638009522307	-133.46294273877416	-135.0698065397264	-0.20002928308392576	-0.5571529008462109	-0.04916256493019873	-0.4765663425206807	-0.3042499999999997
25	0.4563969981238274	0.8529772045028144	0.3965802063789869	-3.774831983104402	0.3399740710088861	4.114806054113288	0.4896068101356724	0.9586605495715492	0.11616795856557464	0.7664035330482772	18.80035	0.7150618198874298	0.7246088180112569	0.009546998123827321	-0.3546426392367594	-0.09546845875987699	0.2591741804768824	0.36050241133697547	0.7424764355299432	0.36200073466238647	0.40994144247129105	39.873400000000004	0.6808570356472795	0.45638592870544104	-0.22447110694183864	-0.38243937201464206	-1.2073013944477236	-0.8248620224330814	0.21054040761176945	0.5422435385186801	0.1875514982913837	0.09725634461333535	27.474350000000005	0.6405796435272044	0.44198395872420254	-0.19859568480300188	-0.5742922636318337	-10.924197590010612	-10.349905326378778	0.19414534654331583	0.5862246298841256	0.1193551234501559	0.17600683202092857	17.18505	0.2586648217636024	-0.12836838649155757	-0.3870332082551596	3.4201893438676425	-0.4354425297687631	-3.8556318736364052	-0.12910439879869695	-0.21618411404160598	0.2458327760968118	-0.3564620905769862	21.073050000000002	0.22446003752345212	-0.3965912757973734	-0.6210513133208255	3.39239261108976	-1.5472754654566097	-4.939668076546369	-0.27906640252390297	-0.4164170110528691	0.07138353972580906	-0.6691471884349419	8.674000000000003	0.18418264540337703	-0.4109932457786119	-0.5951758911819888	3.2005397194725687	-11.264171661019498	-14.464711380492066	-0.2954614635923566	-0.3724359196874236	0.0031871648845812617	-0.5903967010273486	-1.6153000000000013
26	0.48084737335834904	0.8019167917448404	0.32106941838649156	-2.117143391953819	0.5146431775181634	2.6317865694719824	0.376294511735482	0.91627492123606	0.12309996655209024	0.755843333400244	19.0514	0.6914137898686679	0.7130800187617259	0.02166622889305807	-0.28163355533189643	0.11807050204762934	0.39970405737952575	0.35017442595991166	0.6518304394727837	0.34622860735702393	0.4432344012523471	37.858000000000004	0.6929524390243902	0.24376801125703568	-0.4491844277673547	0.0612145096849228	-0.8423168447408772	-0.9035313544257999	0.11382237932621338	0.31147362708486476	0.2424100814737522	0.13597371748687664	20.66925	0.6842106941838649	0.36467073170731706	-0.31953996247654787	-0.09316027468374148	-19.307226754104608	-19.21406647942087	0.11153931803812216	0.407346916794524	0.10269398261391724	0.13871464333935582	19.280299999999997	0.21056641651031882	-0.08883677298311454	-0.2994031894934335	1.8355098366219227	-0.396572675470534	-2.2320825120924566	-0.026120085775570345	-0.2644444817632763	0.2231286408049337	-0.3126089321478969	18.806600000000003	0.21210506566604115	-0.5581487804878047	-0.7702538461538462	2.178357901638742	-1.3569600222590406	-3.5353179238977823	-0.26247213240926864	-0.6048012941511953	0.11931011492166196	-0.6198696159133674	1.6178500000000007	0.2033633208255159	-0.43724606003752337	-0.6406093808630394	2.0239831172700775	-19.82186993162277	-21.845853048892856	-0.26475519369735984	-0.5089280044415361	-0.020405983938173	-0.6171286900608882	0.22889999999999588
27	0.44590384615384604	0.8227435272045028	0.3768396810506568	-2.898351530318448	0.5356400352108476	3.433991565529296	0.4262339193088576	0.9692875731720937	0.11587721866276024	0.8050091860181514	18.9905	0.7026818011257034	0.7418920262664166	0.03921022514071307	-0.3556563472793165	0.06207473625585193	0.4177310835351684	0.25237221501548357	0.7242766463607839	0.358784740244816	0.46988579093147625	37.9429	0.7291769230769232	0.28827007504690433	-0.44090684803001884	0.14154265410209996	-0.749704215681273	-0.8912468697833728	0.008846569605270383	0.2783260950497723	0.26118149140803104	0.13292378082300021	20.97195	0.7400781425891181	0.06306754221388368	-0.6770106003752345	0.19682656063243792	-13.599340951479485	-13.796167512111921	-0.1315941557227999	0.1531416148383347	0.24830062603384614	0.09443420643711635	18.57985	0.2567779549718574	-0.08085150093808624	-0.33762945590994375	2.5426951830391316	-0.47356529895499566	-3.0162604819941277	-0.17386170429337405	-0.24501092681130976	0.24290752158205575	-0.33512339508667516	18.9524	0.2832730769230771	-0.5344734521575984	-0.8177465290806756	3.039894184420548	-1.2853442508921207	-4.325238435312669	-0.41738734970358726	-0.6909614781223214	0.1453042727452708	-0.6720854051951513	1.9814499999999988	0.29417429643527204	-0.7596759849906192	-1.0538502814258912	3.095178090950886	-14.134980986690334	-17.23015907764122	-0.5578280750316575	-0.816145958333759	0.1324234073710859	-0.7105749795810351	-0.4106500000000004
28	0.5141969981238274	0.785490243902439	0.2712932457786115	-1.9668130512070985	0.3289033571445802	2.295716408351679	0.47525072270846563	0.905783242075552	0.1151761762477392	0.7693112416066935	18.9934	0.6819400562851782	0.7266080675422139	0.04466801125703567	-0.41861428096537956	-0.2635183627213453	0.1550959182440342	0.3707715938327394	0.6911519973873915	0.35652262672161467	0.46733429754750466	36.97825	0.6856969981238273	0.3232853658536586	-0.3624116322701688	-0.26955658639836794	-1.3467906474670621	-1.0772340610686943	0.17369178384953923	0.39305481589380636	0.21158591840368426	0.10277530669924703	24.57075	0.6598312382739213	0.2741042213883677	-0.38572701688555344	-0.2726508949525613	-51.29469668143845	-51.02204578648589	0.18473233493657126	0.42917721265654984	0.10011035344197236	0.1665859074928435	17.559250000000002	0.16774305816135082	-0.05888217636022519	-0.22662523452157585	1.548198770241719	-0.5924217198659255	-2.1406204901076444	-0.10447912887572625	-0.21463124468816053	0.24134645047387548	-0.30197694405918885	17.98485	0.17149999999999999	-0.46220487804878047	-0.6337048780487804	1.6972564648087305	-1.6756940046116422	-3.372950469420373	-0.3015589388589264	-0.5127284261817457	0.09640974215594507	-0.6665359349074464	5.577349999999999	0.14563424015009396	-0.5113860225140714	-0.657020262664165	1.6941621562545373	-51.623600038583035	-53.31776219483757	-0.29051838777189437	-0.4766060294190022	-0.015065822805766835	-0.60272533411385	-1.434149999999999
29	0.5258069418386492	0.8004991557223263	0.27469221388367726	-1.5521941594300304	0.3646006337715528	1.9167947932015827	0.5244128731378707	0.9121144246729029	0.13606111261143142	0.7337089927705461	18.95155	0.7199032833020638	0.687955440900563	-0.031947842401500816	-0.10965025742972764	-0.26257152620890456	-0.15292126877917694	0.3819102548069001	0.6449428497612412	0.34443946975666523	0.4055435533890014	35.9367	0.6769545028142588	0.23406303939962475	-0.44289146341463415	-0.1565550289965229	-1.1550951691599707	-0.9985401401634478	0.2709441497653309	0.45590514902005524	0.22934121011615116	0.1580691745561163	20.3752	0.6243742964352721	0.2459381801125704	-0.37843611632270163	-0.5781012330449516	-38.79839946807986	-38.2202982350349	0.2676215673816283	0.4995573796740539	0.08209621809264689	0.20020567089309135	17.44145	0.1940963414634146	-0.11254371482176329	-0.3066400562851781	1.4425439020003028	-0.6271721599804574	-2.0697160619807597	-0.14250261833097055	-0.26717157491166177	0.2083783571452338	-0.32816543938154474	16.98515	0.15114756097560966	-0.5664361163227016	-0.7175836772983114	1.3956391304335074	-1.5196958029315235	-2.9153349333650307	-0.2534687233725398	-0.4562092756528477	0.09328009750471974	-0.5756398182144298	1.4236499999999985	0.09856735459662291	-0.5545609756097559	-0.6531283302063788	0.9740929263850787	-39.16300010185141	-40.137093028236485	-0.25679130575624237	-0.41255704499884904	-0.05396489451878453	-0.5335033218774548	-1.5101000000000013
30	0.5247767354596623	0.8614957786116323	0.3367190431519699	-1.6968495915755457	0.44317876445333254	2.140028356028878	0.680297131911542	0.9366728481954348	0.09600830219349478	0.6757586654129027	19.614	0.7216866791744841	0.7671020637898687	0.04541538461538449	-0.17211842032009897	0.10135040798641096	0.2734688283065099	0.4341659822460093	0.7608386276191659	0.33885787666611555	0.47072610355196004	38.59255	0.6754318011257034	0.08739305816135085	-0.5880387429643527	-0.23021572317849834	-4.147884809473561	-3.9176690862950636	0.3381686272616444	0.4458709962313523	0.15082634617481558	0.16673591918750164	21.67985	0.7030222326454034	0.13346585365853658	-0.5695563789868666	-0.133191066915403	-46.481466093080996	-46.348275026165595	0.364881142320717	0.48262482310517285	0.0825688116171466	0.23943764333604367	17.54155	0.19690994371482184	-0.09439371482176362	-0.2913036585365854	1.5247311712554468	-0.34182835646692156	-1.866559527722368	-0.24613114966553268	-0.17583422057626896	0.2428495744726208	-0.2050325618609427	18.978550000000002	0.15065506566604114	-0.7741027204502815	-0.9247577861163225	1.4666338683970475	-4.591063573926894	-6.057697442323942	-0.3421285046498976	-0.49080185196408255	0.0548180439813208	-0.5090227462254011	2.0658499999999975	0.17824549718574112	-0.7280299249530957	-0.9062754221388365	1.5636585246601427	-46.92464485753433	-48.488303382194474	-0.31541598959082495	-0.454048025090262	-0.013439490576348176	-0.4363210220768591	-2.07245
31	0.43246491557223266	0.8516727016885554	0.4192077861163228	-2.7739688385012813	0.5873237172565702	3.3612925557578515	0.4823868733057803	0.9766611309960942	0.10396139205819221	0.8291203311487598	17.9359	0.7391923076923076	0.8130373358348969	0.07384502814258928	-0.10165465197274866	0.32636996352605074	0.4280246154987994	0.2857017408647061	0.753037049276766	0.3235066761096345	0.5701207562674873	36.5062	0.7481196998123829	0.1467624765478424	-0.6013572232645404	0.1844837060276053	-1.7504818610659765	-1.9349655670935821	0.008658769334824457	0.27315353668845754	0.23906751251131234	0.10611217122255498	21.907999999999994	0.7504971857410883	0.1701651031894934	-0.5803320825515947	0.17279499814654456	-12.72542135284743	-12.898216350993977	0.058967785827280274	0.25962053683433584	0.13117573350794917	0.17143244258229534	18.379700000000003	0.30672739212007494	-0.038635365853658454	-0.3453627579737335	2.6723141865285327	-0.26095375373051943	-2.9332679402590522	-0.19668513244107416	-0.22362408171932824	0.2195452840514423	-0.25899957488127257	18.5703	0.31565478424015025	-0.7049102251407129	-1.0205650093808631	2.9584525445288867	-2.3378055783225467	-5.296258122851434	-0.4737281039709558	-0.7035075943076367	0.13510612045312012	-0.7230081599262048	3.972099999999994	0.3180322701688556	-0.681507598499062	-0.9995398686679176	2.946763836647826	-13.312745070104	-16.25950890675183	-0.4234190874785	-0.7170405941617584	0.027214341449756957	-0.6576878885664645	0.4438000000000031
32	0.4612780487804877	0.8516073170731706	0.39032926829268283	-2.758658768575592	0.5060704550968345	3.2647292236724264	0.41380777125580537	0.9834647868376928	0.1098271579473135	0.81890951584409	18.32585	0.7329606941838649	0.7577342401500939	0.0247735459662289	-0.09013154544088792	0.07356336141020739	0.16369490685109533	0.23904464103500475	0.6107520999357872	0.3458902023552174	0.5055481794245572	33.766749999999995	0.7389909943714822	0.23647063789868666	-0.5025203564727955	0.09110280389966487	-0.7269209997489711	-0.8180238036486358	0.04712512557817824	0.2929545561848287	0.21064148885437967	0.09624472986495355	22.95885	0.7357037523452158	0.1475862101313321	-0.5881175422138838	0.06944667854689957	-28.531163086391274	-28.600609764938174	0.03073508725160392	0.2469318308436243	0.16344881730762034	0.15656700874262575	17.77885	0.27168264540337717	-0.09387307692307667	-0.36555572232645395	2.668527223134704	-0.4325070936866271	-3.1010343168213312	-0.17476313022080062	-0.3727126869019056	0.23606304440790388	-0.3133613364195328	15.440899999999996	0.27771294559099446	-0.6151366791744839	-0.8928496247654782	2.849761572475257	-1.2329914548458056	-4.082753027321062	-0.36668264567762715	-0.6905102306528641	0.10081433090706617	-0.7226647859791364	4.633000000000003	0.27442570356472806	-0.7040211069418385	-0.9784468105065667	2.828105447122492	-29.03723354148811	-31.8653389886106	-0.38307268400420147	-0.7365329559940685	0.05362165936030684	-0.6623425071014643	-0.5470000000000006
33	0.4873186679174485	0.7967435272045027	0.3094248592870543	-2.0813390864760137	-0.16100816461068065	1.920330921865333	0.583563949876658	0.9266898790940342	0.1191408122282491	0.7876209262748071	18.2088	0.7185291744840525	0.7339207317073171	0.015391557223264452	-0.22268366052733563	-0.4332912521968308	-0.2106075916694951	0.46606134006434485	0.7761304664801225	0.34849224550090013	0.49037625894773906	44.261649999999996	0.7328693245778612	-0.08659624765478426	-0.8194655722326456	-0.09979534256115558	-6.297467025502184	-6.197671682941028	0.11777526828710587	0.26455894658537193	0.2404719765466449	0.1759184424180618	20.6055	0.735961444652908	0.1973732645403377	-0.5385881801125703	0.05162064193312939	-68.7331326759326	-68.78475331786572	0.23594177672326508	0.3299486833675581	0.09698837761405076	0.2141869009702396	17.98665	0.23121050656660402	-0.06282279549718561	-0.29403330206378986	1.858655425948678	-0.27228308758615016	-2.130938513534828	-0.1175026098123132	-0.1505594126139117	0.22935143327265103	-0.297244667327068	26.052849999999996	0.24555065666041276	-0.8833397748592869	-1.1288904315197	1.9815437439148582	-6.136458860891503	-8.11800260480636	-0.46578868158955217	-0.6621309325086623	0.1213311643183958	-0.6117024838567453	2.396699999999999	0.24864277673545954	-0.599370262664165	-0.8480130393996246	2.1329597284091433	-68.57212451132192	-70.70508423973105	-0.34762217315339294	-0.5967411957264761	-0.022152434614198344	-0.5734340253045674	-0.22214999999999918
34	0.5232799249530957	0.8337136960600375	0.3104337711069418	-2.433573329892324	0.4766483265978628	2.910221656490187	0.5203108503085463	0.9426125222669788	0.10946208288488368	0.8069019105393457	17.52835	0.7186054409005629	0.6956473733583489	-0.022958067542213863	-0.3894426590337313	-0.16154331821785353	0.22789934081587773	0.3685950732731353	0.6894068024645587	0.3147107633449177	0.5092735535531119	34.430899999999994	0.6931969981238273	0.15000497185741088	-0.5431920262664165	-0.17565396832022462	-2.2892313534318856	-2.113577385111661	0.2100351790518999	0.29912289570194583	0.23895735328775927	0.17461766446189916	19.8386	0.6902035647279551	0.16028527204502813	-0.5299182926829269	-0.19949023618687017	-67.03489406628007	-66.83540383009321	0.217527815846681	0.33935276431163064	0.1457256313686401	0.15177605480654627	17.47755	0.19532551594746717	-0.13806632270168862	-0.33339183864915567	2.0441306708585927	-0.6381916448157163	-2.6823223156743095	-0.151715777035411	-0.2532057198024201	0.20524868046003403	-0.2976283569862338	16.902549999999994	0.16991707317073157	-0.6837087242026266	-0.8536257973733583	2.2579193615720996	-2.7658796800297485	-5.023799041601848	-0.3102756712566464	-0.643489626565033	0.1294952704028756	-0.6322842460774465	2.31025	0.16692363977485936	-0.6734284240150095	-0.8403520637898687	2.234083093705454	-67.51154239287794	-69.7456254865834	-0.3027830344618653	-0.6032597579553481	0.03626354848375643	-0.6551258557327995	-0.050799999999998846
35	0.449798592870544	0.8001143527204503	0.35031575984990615	-3.0007448893680837	0.32740221788138013	3.328147107249464	0.5013246013082415	0.9481046938354931	0.10998695866178583	0.7899789392239547	17.66685	0.68457617260788	0.6953029080675422	0.010726735459662313	-0.5014250912628003	-0.31955772916179004	0.18186736210101043	0.28875030863847434	0.6714647198925038	0.36041767513307327	0.46816273234515293	35.17505	0.7375839587242026	0.15368574108818012	-0.5838982176360225	0.1670204544667374	-2.6248545371930447	-2.7918749916597823	-0.07061623610150428	0.1782580004158572	0.2543935078345524	0.1442025591072798	22.050900000000006	0.7273889305816135	0.23857110694183864	-0.48881782363977483	0.17366211843170534	-15.706768397259102	-15.880430515690804	-0.10487524116964937	0.24769344524595374	0.14732360469250952	0.10564584066524538	19.506999999999998	0.23477757973733593	-0.10481144465290804	-0.33958902439024385	2.4993197981052835	-0.6469599470431702	-3.1462797451484534	-0.21257429266976718	-0.27663997394298934	0.25043071647128745	-0.32181620687880175	17.5082	0.28778536585365855	-0.6464286116322702	-0.9342139774859286	3.1677653438348212	-2.952256755074425	-6.120022098909246	-0.5719408374097458	-0.769846693419636	0.14440654917276657	-0.6457763801166749	4.3840500000000056	0.27759033771106945	-0.5615432457786116	-0.8391335834896809	3.1744070077997892	-16.034170615140482	-19.20857762294027	-0.6061998424778909	-0.7004112485895394	0.03733664603072369	-0.6843330985587093	1.8401499999999977
36	0.48001266416510324	0.8079447467166979	0.3279320825515947	-2.874334208679918	0.4707852683126254	3.3451194769925428	0.453105592163332	0.9606488499862307	0.11664489790503534	0.8171372690325172	17.922849999999997	0.7251628517823638	0.7197021575984991	-0.005460694183864928	-0.2781563525657902	-0.02996107638075448	0.24819527618503573	0.31274968619124416	0.7029160947490743	0.3457625262644465	0.49571610308643005	35.9654	0.7145895872420263	0.09637589118198873	-0.6182136960600374	-0.016107479567344745	-2.372996594363962	-2.356889114796617	0.07689795481343434	0.24608432924822873	0.1895580549356472	0.1106179557117655	19.3394	0.6841742026266417	0.1052969981238274	-0.5788772045028143	-0.12467747777547891	-52.86071937781028	-52.7360419000348	0.10631559503711618	0.2617340804290832	0.12283044569082098	0.1570273415180696	18.4418	0.2451501876172606	-0.08824258911819882	-0.3333927767354596	2.596177856114128	-0.5007463446933799	-3.096924200807507	-0.14035590597208786	-0.25773275523715633	0.22911762835941113	-0.3214211659460871	18.042550000000006	0.23457692307692302	-0.7115688555347092	-0.9461457786116321	2.858226729112573	-2.8437818626765874	-5.702008591789159	-0.3762076373498977	-0.7145645207380019	0.07291315703061187	-0.7065193133207517	1.4165500000000044	0.2041615384615385	-0.7026477485928705	-0.906809287054409	2.749656730904439	-53.3315046461229	-56.08116137702734	-0.34678999712621583	-0.6989147695571475	0.0061855477857856445	-0.6601099275144475	0.5189500000000038
37	0.5019172607879925	0.767367823639775	0.2654505628517825	-2.0929063159114976	0.42520218853662345	2.5181085044481213	0.5981353179680144	0.9189925612186872	0.11629733193214797	0.7763394729024068	18.654149999999998	0.6850735459662289	0.7009384615384615	0.015864915572232696	-0.5426372049244306	-0.18224667823973778	0.36039052668469285	0.5296322188712989	0.6657315722899888	0.38975274940741045	0.43513991121116913	35.974599999999995	0.639918574108818	0.3600370544090057	-0.27988151969981234	-0.5332392418207833	-0.976061196275572	-0.4428219544547887	0.45315990948118756	0.47789940026243255	0.21027191481253266	0.13866563075957522	23.496550000000003	0.623076923076923	0.3594788930581614	-0.2635980300187617	-0.47170638110209806	-90.7602738424558	-90.2885674613537	0.4057401633627067	0.5173135271825838	0.12493589906835453	0.2183910171899354	16.64255	0.18315628517823646	-0.06642936210131345	-0.2495856472795498	1.550269110987067	-0.6074488667763612	-2.1577179777634283	-0.06850309909671559	-0.2532609889286984	0.2734554174752625	-0.34119956169123766	17.320449999999997	0.13800131332082555	-0.4073307692307693	-0.5453320825515948	1.5596670740907141	-1.4012633848121954	-2.96093045890291	-0.14497540848682688	-0.44109316095625467	0.09397458288038468	-0.6376738421428316	4.842400000000005	0.12115966228893049	-0.4078889305816136	-0.5290485928705442	1.6211999348093995	-91.18547603099243	-92.80667596580182	-0.19239515460530776	-0.4016790340361034	0.00863856713620656	-0.5579484557124714	-2.011599999999998
38	0.4325817073170731	0.8223210131332085	0.3897393058161352	-2.616275852329937	0.26467034934723815	2.8809462016771747	0.5053096483946636	0.956790428881708	0.11159888628159005	0.8391119988433566	17.187649999999998	0.6800272045028143	0.7444971857410883	0.06446998123827401	-0.43883565775844025	-0.04009309322631614	0.3987425645321242	0.3565654105758486	0.7605012925425405	0.3349179335238389	0.5622359440150184	35.88985	0.7292295497185742	0.09740093808630394	-0.6318286116322703	-0.030694284573215425	-1.5467984766185405	-1.5161041920453253	0.13164246422499798	0.25462738309384186	0.2709748821907574	0.13245163275466248	22.78735	0.7105897748592871	0.08657157598499063	-0.6240181988742964	-0.12123918937027925	-42.22161153213617	-42.10037234276588	0.16845690091084084	0.3030255392628557	0.12521616202404123	0.14040406295813176	18.5842	0.24744549718574116	-0.07782382739212024	-0.3252693245778612	2.177440194571497	-0.3047634425735543	-2.4822036371450507	-0.14874423781881502	-0.19628913633916745	0.22331904724224888	-0.2768760548283382	18.702200000000005	0.2966478424015011	-0.7249200750469046	-1.0215679174484056	2.585581567756722	-1.8114688259657787	-4.3970503937225	-0.37366718416966566	-0.702163045787866	0.15937599590916735	-0.7066603660886941	5.599700000000002	0.27800806754221397	-0.7357494371482178	-1.0137575046904317	2.495036662959658	-42.486281881483414	-44.981318544443056	-0.33685274748382277	-0.6537648896188523	0.013617275742451182	-0.6987079358852248	1.3965500000000013
39	0.4570904315196998	0.8074870544090057	0.35039662288930584	-2.3986271276495916	0.3806223682410092	2.7792494958906007	0.48348395963359697	0.958713435234106	0.11641731368089639	0.8033760598020783	18.288649999999997	0.6700538461538463	0.7614758911819888	0.09142204502814247	-0.4952338462268955	0.11610926675322397	0.6113431129801195	0.339507675807532	0.6668553841259952	0.3477105185884655	0.49802944568463214	34.26855	0.7121803939962477	0.1613764540337711	-0.5508039399624766	-0.02272345474663199	-1.1919181316656178	-1.1691946769189858	0.11090653115450744	0.29696962777359703	0.25359796448966165	0.11561167256333263	23.57395	0.6788158536585366	0.17681341463414632	-0.5020024390243902	-0.1523907026629661	-33.55391794381332	-33.40152724115036	0.10695762549443118	0.3281029708365043	0.10923296693703119	0.11157396923891232	18.9568	0.21296341463414653	-0.04601116322701693	-0.2589745778611634	1.9033932814226961	-0.26451310148778523	-2.1679063829104814	-0.14397628382606498	-0.2918580511081108	0.23129320490756913	-0.3053466141174461	15.9799	0.25508996247654786	-0.6461106003752346	-0.9012005628517824	2.3759036729029597	-1.572540499906627	-3.9484441728095865	-0.37257742847908953	-0.661743807460509	0.13718065080876526	-0.6877643872387457	5.285300000000003	0.22172542213883678	-0.6306736397748594	-0.8523990619136961	2.2462364249866256	-33.934540312054324	-36.180776737040965	-0.3765263341391658	-0.6306104643976017	-0.0071843467438652	-0.691802090563166	0.6681500000000042
40	0.4630884615384615	0.7914919324577862	0.32840347091932465	-2.3301551530831768	0.5017891578787609	2.831944310961937	0.5587638293141406	0.9390206044377747	0.11777604585974952	0.7895528392603574	18.67375	0.675234521575985	0.6924970919324578	0.017262570356472773	-0.41429289377791195	-0.05210189222899471	0.36219100154891726	0.42578954330386837	0.7448113928504247	0.35800423427617345	0.4863536321791364	38.20099999999999	0.6612744840525329	0.28067870544090057	-0.3805957786116323	-0.1462923529721813	-0.6796732829254586	-0.5333809299532773	0.2059957835391002	0.3978705849898819	0.22653172158148444	0.12076992070239823	24.792250000000003	0.6502020637898689	0.3263448405253283	-0.32385722326454036	-0.2521898715968176	-24.85146037952851	-24.59927050793169	0.19874085833702473	0.4736229977275962	0.1227698760837594	0.13949337769724532	17.10885	0.21214606003752345	-0.09899484052532836	-0.3111409005628519	1.9158622593052648	-0.5538910501077556	-2.46975330941302	-0.13297428601027222	-0.19420921158734994	0.24022818841642393	-0.30319920708122094	19.527249999999995	0.19818602251407136	-0.5108132270168856	-0.7089992495309569	2.1838628001109957	-1.1814624408042196	-3.3653252409152143	-0.3527680457750404	-0.5411500194478928	0.10875567572173492	-0.6687829185579591	6.1185000000000045	0.18711360225140738	-0.46514709193245785	-0.652260694183865	2.0779652814863594	-25.353249537407272	-27.431214818893626	-0.3600229709771159	-0.4653976067101785	0.004993830224009885	-0.650059461563112	-1.564899999999998
41	0.40835544090056286	0.8571150093808629	0.44875956848030024	-2.568020952630418	0.5187127810272922	3.0867337336577103	0.6433004149144047	0.9652998288422265	0.11861155125514242	0.7411502754364312	18.09895	0.7248427767354597	0.728366885553471	0.0035241088180112514	-0.2087317558008171	0.0009226269536495246	0.20965438275446663	0.4941559868309878	0.7158126020400543	0.3786286649914846	0.39689715046982	43.19200000000001	0.7144178236397749	0.3626984052532833	-0.3517194183864915	-0.05646793285061315	-0.612967119205225	-0.5564991863546118	0.17149958475382565	0.4297045960095197	0.1538979243137358	0.15667746404059876	23.785500000000003	0.7328909943714821	0.2902060037523452	-0.4426849906191369	-0.04065183321809054	-28.95988781864574	-28.919235985427644	0.18635418157685826	0.41566572832040444	0.19383687245684683	0.3028523481751188	17.895049999999998	0.31648733583489685	-0.12874812382739198	-0.445235459662289	2.3592891968296006	-0.5177901540736427	-2.8770793509032435	-0.14914442808341688	-0.24948722680217228	0.2600171137363422	-0.3442531249666112	25.09305000000001	0.30606238273921205	-0.49441660412757965	-0.8004789868667918	2.5115530197798046	-1.131679900232517	-3.643232920012322	-0.47180083016057905	-0.5355952328327068	0.03528637305859339	-0.5844728113958324	5.686550000000004	0.3245355534709192	-0.5669090056285178	-0.8914445590994371	2.5273691194123273	-29.478600599673033	-32.00596971908536	-0.45694623333754647	-0.5496341005218222	0.07522532120170441	-0.4382979272613124	-0.20390000000000086
42	0.44132467166979356	0.8180318949343341	0.3767072232645405	-2.218265022250981	0.1689865763202547	2.387251598571236	0.4251795665218047	0.9519124460620592	0.11050420192382657	0.793488736844117	19.336850000000002	0.7113315196998125	0.7564770168855535	0.045145497185741	-0.3519800075731892	-0.2800127967765465	0.07196721079664266	0.3427379384007366	0.6228159204240323	0.3985695698044852	0.4399893688551928	38.61615	0.7261218574108818	0.07582532833020637	-0.6502965290806754	-0.018220809338148326	-2.6393620743807475	-2.6211412650425987	0.18646087833922936	0.31295450684596327	0.2721878145549446	0.09809751318747464	25.758799999999997	0.7172414634146341	0.021786303939962483	-0.6954551594746717	-0.1615752667864244	-21.081256619329384	-20.91968135254296	0.08462208729475189	0.2384094520002583	0.187694149913113	0.15517022936745956	20.45315	0.2700068480300189	-0.06155487804878068	-0.33156172607879947	1.866285014677792	-0.4489993730968012	-2.3152843877745934	-0.08244162812106814	-0.3290965256380268	0.2880653678806586	-0.35349936798892423	19.279299999999996	0.2847971857410882	-0.7422065666041278	-1.0270037523452158	2.200044212912833	-2.808348650701002	-5.008392863613835	-0.23871868818257536	-0.6389579392160959	0.16168361263111805	-0.6953912236566424	6.421949999999995	0.2759167917448406	-0.7962455909943716	-1.0721623827392122	2.0566897554645567	-21.250243195649638	-23.306932951114195	-0.3405574792270528	-0.7135029940618008	0.07718994798928644	-0.6383185074766575	1.116299999999999
43	0.45590450281425887	0.8209429643527205	0.3650384615384616	-2.4349953595915226	0.505740943314691	2.940736302906214	0.38653897511796304	0.9505378379097904	0.12351786056793841	0.7993936657413396	18.293499999999998	0.7000531894934333	0.7499342401500939	0.049881050656660514	-0.39323640191781006	0.10574778617868044	0.4989841880964906	0.22949813254607632	0.7205038011109122	0.355467145791013	0.492335970934571	37.391200000000005	0.7152757973733583	0.3103381801125703	-0.404937617260788	0.04879624110409242	-0.5774996926238335	-0.626295933727926	0.07238095750467555	0.3533027627046843	0.2329379265183948	0.09482005650584734	25.4995	0.6951166041275796	0.3461670731707317	-0.3489495309568479	-0.08345875179167044	-4.971639037789739	-4.888180285998068	0.04011175627589314	0.43652366388171393	0.1267301550874831	0.19908471733926839	17.25365	0.24414868667917444	-0.0710087242026266	-0.31515741088180105	2.0417589576737125	-0.3999931571360106	-2.4417521148097237	-0.15704084257188672	-0.23003403679887824	0.23194928522307462	-0.30705769480676864	19.097700000000007	0.25937129455909946	-0.5106047842401502	-0.7699760787992496	2.483791600695615	-1.0832406359385245	-3.56703223663414	-0.3141580176132875	-0.5972350752051061	0.10942006595045638	-0.7045736092354923	7.206000000000003	0.2392121013133207	-0.4747758911819888	-0.7139879924953094	2.351536607799852	-5.47737998110443	-7.828916588904282	-0.3464272188420699	-0.5140141740280765	0.0032122945195446756	-0.6003089484020713	-1.0398499999999977
44	0.5177063789868668	0.8101984990619137	0.2924921200750469	-2.141472658712542	0.3564966095810084	2.49796926829355	0.5933938611939903	0.9222540754940767	0.12391203451875836	0.7889923904096259	18.8054	0.7154233583489681	0.7100502814258912	-0.005373076923076908	-0.16297439395948388	-0.41553948327217727	-0.2525650893126934	0.45460697290592933	0.7127271063644083	0.3326489477659114	0.4715964781514478	38.39559999999999	0.7125332082551594	0.26599981238273923	-0.44653339587242025	-0.011329808606011332	-2.3203311898340013	-2.3090013812279904	0.09129962594033561	0.22909203949649526	0.3607437429488021	0.1394421362041824	21.2255	0.7200784240150093	0.12993208255159475	-0.5901463414634146	0.09677188548434802	-50.08283424516499	-50.17960613064934	0.05546953968656856	0.24498497198350852	0.14530386264257192	0.17377797744667883	19.3949	0.1977169793621013	-0.10014821763602244	-0.2978651969981238	1.9784982647530582	-0.7720360928531856	-2.7505343576062433	-0.13878688828806096	-0.2095269691296684	0.20873691324715304	-0.3173959122581781	19.59019999999999	0.19482682926829265	-0.5441986866791744	-0.7390255159474671	2.1301428501065307	-2.6768277994150096	-4.80697064952154	-0.5020942352536547	-0.6931620359975814	0.23683170843004375	-0.6495502542054434	2.4201000000000015	0.20237204502814254	-0.6802664165103189	-0.8826384615384615	2.23824454419689	-50.439330854746	-52.67757539894289	-0.5379243215074218	-0.6772691035105681	0.021391828123813558	-0.6152144129629471	0.589500000000001
45	0.4895161350844277	0.8140329268292682	0.3245167917448405	-1.8214906330046499	0.5128032418802574	2.3342938748849074	0.4805350075785494	0.9132993485504315	0.11905351459952496	0.7355044216259562	19.3419	0.7164589118198874	0.7018626641651032	-0.014596247654784239	-0.13683541472983607	-0.037943463095207734	0.09889195163462831	0.3983955550464015	0.6728399262676008	0.38001419669721076	0.41577225651514277	37.97825	0.7171126641651032	0.0692094746716698	-0.6479031894934335	-0.010527769924245974	-4.278880217112744	-4.268352447188498	0.20226248849692335	0.2860409362532516	0.22360698327211587	0.12924918994684775	23.98075	0.7090071294559099	0.1665700750469043	-0.5424370544090056	-0.08345661608789776	-36.777754961953676	-36.69429834586579	0.09569165518159731	0.3533507727087797	0.14188058040998075	0.14800463978186879	19.1363	0.2269427767354597	-0.11217026266416497	-0.3391130393996247	1.6846552182748138	-0.5507467049754651	-2.235401923250279	-0.08213945253214788	-0.24045942228283068	0.2609606820976858	-0.3197321651108134	18.636350000000004	0.2275965290806755	-0.7448234521575984	-0.972419981238274	1.810962863080404	-4.791683458993001	-6.602646322073405	-0.27827251908162604	-0.6272584122971798	0.10455346867259091	-0.6062552316791084	4.6388500000000015	0.21949099437148223	-0.647462851782364	-0.8669538461538461	1.738034016916752	-37.29055820383393	-39.028592220750696	-0.3848433523969521	-0.5599485758416518	0.022827065810455793	-0.5874997818440875	-0.20560000000000045
46	0.5553975609756098	0.7458920262664165	0.1904944652908067	-1.391396295994212	0.35619599974307803	1.7475922957372902	0.6269089778394801	0.87772564288778	0.13199654894691903	0.7651705076244839	20.349449999999997	0.685947373358349	0.64346191369606	-0.042485459662288935	-0.21618370314176966	-0.48191886005908435	-0.2657351569173148	0.5279591532852822	0.6217023841027514	0.39053482112581567	0.3934084665954032	37.5404	0.6834172607879925	0.41412795497185745	-0.269289305816135	-0.0440061151797473	-1.083032873675935	-1.0390267584961876	0.22221482888432442	0.41001640576470144	0.2909251786744731	0.12038196295677295	26.804000000000002	0.720060225140713	0.3741027204502815	-0.3459575046904315	0.21982631212455242	-22.556721871899946	-22.7765481840245	-0.23530023356569668	0.22344882332209134	0.16110235848827537	0.16117587403459765	19.3435	0.13054981238273922	-0.1024301125703565	-0.23297992495309566	1.1752125928524424	-0.8381148598021624	-2.013327452654605	-0.09894982455419787	-0.25602325878502863	0.25853827217889663	-0.3717620410290807	17.19095	0.1280196998123827	-0.33176407129455904	-0.45978377110694174	1.3473901808144648	-1.439228873419013	-2.786619054233478	-0.40469414895515565	-0.46770923712307855	0.15892862972755406	-0.644788544667711	6.454550000000005	0.16466266416510322	-0.371789305816135	-0.5364519699812382	1.6112226081187646	-22.912917871643025	-24.52414047976179	-0.8622092114051767	-0.6542768195656886	0.02910580954135633	-0.6039946335898863	-1.0059499999999986
47	0.4996648217636023	0.8249482176360224	0.3252833958724203	-1.851527766501313	0.4783598971457203	2.3298876636470336	0.6738091326476936	0.9408175313708218	0.1050319572563386	0.8156964404229881	18.46665	0.6948375234521577	0.7793465290806754	0.08450900562851779	-0.28558736075291014	0.1842965284695735	0.46988388922248364	0.48860139777211986	0.7238399411695683	0.3032356713693593	0.5452967402378416	35.32	0.7423263602251408	0.2917640712945591	-0.45056228893058164	0.12435102886979281	-0.8679673876567175	-0.9923184165265105	0.3078578983899029	0.3646474026538859	0.23174519245833514	0.1183618826140698	24.411649999999998	0.7302863977485929	0.3223779549718574	-0.4079084427767354	0.026286843286439755	-34.04374321472592	-34.070030058012364	0.2987631664634403	0.4140581408463821	0.10477079580307465	0.21431879183840272	16.93815	0.19517270168855538	-0.045601688555347075	-0.2407743902439025	1.5659404057484028	-0.2940633686761468	-1.86000377442455	-0.18520773487557374	-0.2169775902012535	0.1982037141130207	-0.2703997001851465	16.85335	0.24266153846153848	-0.5331841463414633	-0.775845684803002	1.975878795371106	-1.346327284802438	-3.3222060801735442	-0.3659512342577907	-0.5761701287169358	0.12671323520199654	-0.6973345578089183	5.944999999999997	0.23062157598499067	-0.502570262664165	-0.7331918386491556	1.8778146097877528	-34.522103111871644	-36.3999177216594	-0.3750459661842533	-0.5267593905244397	-0.00026116145326395	-0.6013776485845853	-1.528500000000001
48	0.46609315196998125	0.7531800187617261	0.28708686679174483	-2.4414153067326527	0.036117681871590465	2.4775329886042434	0.4236524957896496	0.9122935421905431	0.11439536954081105	0.7591424363873823	17.518850000000004	0.6581662288930581	0.6324789868667917	-0.02568724202626636	-0.5089404166720307	-0.5618230489373446	-0.05288263226531405	0.40452386594827194	0.6206658508427375	0.366739139266265	0.4081904958954016	34.56105	0.6504815196998124	0.17307495309568482	-0.47740656660412767	-0.41911101061668754	-1.589573774552521	-1.1704627639358338	0.21964531251853403	0.4470357001897943	0.2949009719821939	0.1596905106754573	23.90215	0.6299789868667918	0.306690712945591	-0.3232882739212008	-0.6362085483581199	-58.118250936082006	-57.482042387723865	0.20330581961235858	0.514841417272543	0.07242720253808352	0.1442981498637503	17.4314	0.19207307692307685	-0.12070103189493442	-0.3127741088180112	1.9324748900606221	-0.5979407308089351	-2.5304156208695576	-0.019128629841377642	-0.29162769134780564	0.25234376972545397	-0.35095194049198075	17.042199999999998	0.18438836772983114	-0.5801050656660414	-0.7644934333958725	2.022304296115965	-1.6256914564241114	-3.6479957525400772	-0.20400718327111556	-0.4652578420007488	0.18050560244138286	-0.5994519257119251	6.383299999999995	0.16388583489681052	-0.4464893058161351	-0.6103751407129456	1.8052067583745328	-58.154368617953594	-59.95957537632811	-0.220346676177291	-0.3974521249180002	-0.04196816700272753	-0.614844286523632	-0.08745000000000402
49	0.4675525328330206	0.8067429643527205	0.33919043151969985	-2.7604372088246603	0.5076172628784285	3.2680544717030893	0.5534800386286032	0.9511978141060439	0.11398496362433981	0.7754218139904718	19.37415	0.6967506566604128	0.7126958724202627	0.015945215759849835	-0.4299137787971904	-0.009796324572560846	0.4201174542246296	0.3783687366794642	0.6980019686564594	0.36547057578272996	0.45509493637350384	36.396249999999995	0.6815535647279549	0.12422410881801127	-0.5573294559099436	-0.13086741242415995	-1.9258431455346827	-1.7949757331105225	0.1887850057282666	0.2948768795268547	0.2138565492975098	0.11122826983204885	21.794100000000004	0.7256024390243904	0.3257636960600375	-0.39983874296435273	0.18650817239623058	-9.65680999039558	-9.84331816279181	-0.04785533944551412	0.3611270024006256	0.11333490155410761	0.1126900406075267	18.993050000000004	0.2291981238273922	-0.09404709193245786	-0.32324521575985	2.33052343002747	-0.5174135874509893	-2.8479370174784595	-0.175111301949139	-0.2531958454495845	0.25148561215839016	-0.320326877616968	17.022099999999995	0.2140010318949343	-0.6825188555347093	-0.8965198874296435	2.6295697964005003	-2.433460408413111	-5.063030204813612	-0.36469503290033656	-0.6563209345791892	0.09987158567316999	-0.664193544158423	2.4199500000000036	0.25804990619136975	-0.480979268292683	-0.7390291744840526	2.946945381220891	-10.164427253274008	-13.111372634494899	-0.6013353780741173	-0.5900708117054183	-0.0006500620702322019	-0.6627317733829451	-0.38109999999999644
50	0.5266679174484052	0.787592589118199	0.2609246716697936	-1.54285238332631	0.3830531914414614	1.925905574767771	0.5428926874320696	0.8972069794760458	0.12014112955866454	0.7019136856884585	20.40905	0.737058818011257	0.7528648217636023	0.01580600375234521	-0.13148386563510978	-0.33017818613051914	-0.1986943204954094	0.4267733851193943	0.6848550524641952	0.3709285286523144	0.45399779143805546	41.7068	0.6807432457786116	0.1546298311444653	-0.5261134146341464	-0.2160124143694246	-2.0546423294730256	-1.838629915103601	0.23374019273757907	0.3890757953772507	0.2459841957952031	0.1763556097873331	23.286749999999998	0.7236500938086304	0.11028911819887433	-0.6133609756097561	-0.058285533382311364	-68.54279943695225	-68.48451390356993	0.3672701928298807	0.3457269536407673	0.09808490906769207	0.24617044438118993	17.727449999999997	0.2103909005628518	-0.034727767354596706	-0.2451186679174484	1.4113685176912	-0.7132313775719805	-2.1245998952631804	-0.11611930231267537	-0.21235192701185057	0.2507873990936499	-0.247915894250403	21.29775	0.15407532833020632	-0.6329627579737337	-0.78703808630394	1.3268399689568853	-2.437695520914487	-3.764535489871372	-0.3091524946944906	-0.5081311840987951	0.12584306623653854	-0.5255580759011254	2.8776999999999973	0.1969821763602252	-0.6773034709193246	-0.8742856472795497	1.4845668499439986	-68.92585262839371	-70.4104194783377	-0.17562249460218893	-0.5514800258352786	-0.022056220490972472	-0.4557432413072685	-2.681600000000003
