ablation_result_reldir	pair_result_reldir	rho	delta	n_seeds	pair_agent_holdout_rank	pair_broker_holdout_rank	pair_rank_gap	pair_agent_holdout_r2	pair_broker_holdout_r2	pair_r2_gap	pair_output_gap	pair_outsourcing_rate	pair_access_fraction	pair_betweenness	pair_mean_degree	size_matched_agent_holdout_rank	size_matched_broker_holdout_rank	size_matched_rank_gap	size_matched_agent_holdout_r2	size_matched_broker_holdout_r2	size_matched_r2_gap	size_matched_output_gap	size_matched_outsourcing_rate	size_matched_access_fraction	size_matched_betweenness	size_matched_mean_degree	single_principal_agent_holdout_rank	single_principal_broker_holdout_rank	single_principal_rank_gap	single_principal_agent_holdout_r2	single_principal_broker_holdout_r2	single_principal_r2_gap	single_principal_output_gap	single_principal_outsourcing_rate	single_principal_access_fraction	single_principal_betweenness	single_principal_mean_degree	additive_agent_holdout_rank	additive_broker_holdout_rank	additive_rank_gap	additive_agent_holdout_r2	additive_broker_holdout_r2	additive_r2_gap	additive_output_gap	additive_outsourcing_rate	additive_access_fraction	additive_betweenness	additive_mean_degree	size_matched_minus_pair_agent_holdout_rank	size_matched_minus_pair_broker_holdout_rank	size_matched_minus_pair_rank_gap	size_matched_minus_pair_agent_holdout_r2	size_matched_minus_pair_broker_holdout_r2	size_matched_minus_pair_r2_gap	size_matched_minus_pair_output_gap	size_matched_minus_pair_outsourcing_rate	size_matched_minus_pair_access_fraction	size_matched_minus_pair_betweenness	size_matched_minus_pair_mean_degree	single_principal_minus_pair_agent_holdout_rank	single_principal_minus_pair_broker_holdout_rank	single_principal_minus_pair_rank_gap	single_principal_minus_pair_agent_holdout_r2	single_principal_minus_pair_broker_holdout_r2	single_principal_minus_pair_r2_gap	single_principal_minus_pair_output_gap	single_principal_minus_pair_outsourcing_rate	single_principal_minus_pair_access_fraction	single_principal_minus_pair_betweenness	single_principal_minus_pair_mean_degree	additive_minus_pair_agent_holdout_rank	additive_minus_pair_broker_holdout_rank	additive_minus_pair_rank_gap	additive_minus_pair_agent_holdout_r2	additive_minus_pair_broker_holdout_r2	additive_minus_pair_r2_gap	additive_minus_pair_output_gap	additive_minus_pair_outsourcing_rate	additive_minus_pair_access_fraction	additive_minus_pair_betweenness	additive_minus_pair_mean_degree
oat/rho=0.5	oat/rho=0.5	0.5	0.5	50	0.47853972420262664	0.814034052532833	0.33549432833020637	-2.4228024709113627	0.4026064273571562	2.8254088982685186	0.5302837976638357	0.938598003963518	0.11442324338034006	0.7826363487603197	18.396545	0.7057140075046905	0.7269855590994372	0.021271551594746717	-0.3037502363969875	-0.11302222066275984	0.19072801573422773	0.3898476472885233	0.6961716046233631	0.35178855211212173	0.46937128832038566	37.193481	0.7044558079291983	0.21267220311937382	-0.49178360480982436	-0.07845607809437947	-2.0319100292296177	-1.953453951135238	0.18151916825831604	0.33875568826764463	0.24622270015584874	0.1307820271050177	22.916168000000003	0.697495861163227	0.23105882176360226	-0.4664370393996248	-0.11130507328454904	-41.67727830631037	-41.565973233025815	0.1746210593874147	0.3636502390918748	0.12912054360980807	0.1762139297866237	18.182056	0.22717428330206385	-0.08704849343339582	-0.3142227767354597	2.119052234514375	-0.515628648019916	-2.634680882534291	-0.14043615037531243	-0.24242639934015486	0.2373653087317817	-0.3132650604399341	18.796936	0.22591608372657163	-0.6013618494134592	-0.8272779331400307	2.344346392816983	-2.434516456586774	-4.778862849403756	-0.34876462940551967	-0.5998423156958734	0.1317994567755087	-0.651854321655302	4.519623000000003	0.2189561369606004	-0.5829752307692307	-0.8019313677298312	2.311497397626814	-42.07988473366753	-44.391382131294336	-0.35566273827642103	-0.5749477648716432	0.01469730022946801	-0.606422418973696	-0.21448900000000037
phase/rho_delta/cells/0_0	phase/rho_delta/cells/0_0	0.0	0.0	20	0.4615005487804879	0.9841625281425891	0.5226619793621012	-2.79611875608102	0.5949227458398337	3.3910415019208537	0.9315556895164251	0.9962472489077416	0.08797399882037718	0.8457540418968016	15.2979625	0.8095955722326454	0.9341592401500936	0.12456366791744837	-0.35278330251963413	0.3249830720216651	0.6777663745412992	0.6895785286716855	0.9273239464163247	0.21695110075386106	0.6954188984625587	29.135205000000003	0.8593084849906193	-0.0004106144465290777	-0.8597190994371482	0.40946298086810823	-1.830927451397621	-2.2403904322657295	0.2025774347701487	0.28330756576851635	0.20609940898289575	0.17586866397303108	18.760889999999996	0.8519451031894935	0.013837739212007505	-0.8381073639774861	0.4070503649449727	-36.91342096634582	-37.32047133129079	0.1808409569868417	0.28364238054844854	0.12496035403839637	0.2122221625402561	16.149347499999998	0.34809502345215754	-0.05000328799249554	-0.39809831144465285	2.4433354535613856	-0.26993967381816864	-2.7132751273795543	-0.24197716084473964	-0.06892330249141698	0.12897710193348388	-0.15033514343424292	13.837242500000002	0.3978079362101314	-0.9845731425891182	-1.3823810787992494	3.205581736949128	-2.425850197237455	-5.631431934186583	-0.7289782547462764	-0.7129396831392253	0.11812541016251857	-0.6698853779237706	3.4629274999999957	0.39044455440900555	-0.9703247889305816	-1.3607693433395873	3.2031691210259927	-37.50834371218565	-40.71151283321164	-0.7507147325295834	-0.7126048683592932	0.036986355218019185	-0.6335318793565454	0.851384999999997
phase/rho_delta/cells/0_1	phase/rho_delta/cells/0_1	0.0	0.25	20	0.43798784709193256	0.9091852345215761	0.47119738742964346	-2.7969736033104122	0.6688855229027467	3.4658591262131586	0.9098116727366008	0.9852172775084037	0.09675867583318819	0.8362040044278602	16.320765	0.7663460084427769	0.8394182786116323	0.07307227016885555	-0.13155790208965215	0.326710452977411	0.45826835506706304	0.664350647601843	0.8497750756514634	0.2679679771021684	0.6130545416932438	34.51635250000001	0.7974006191369606	-0.0018005253283302097	-0.7992011444652907	0.30254351561936055	-2.7476933002144763	-3.050236815833837	0.2075999851165923	0.25752420698403067	0.2141767750651641	0.17752824231366984	19.5360575	0.791274540337711	0.012080572232645411	-0.7791939681050657	0.2770860783822249	-48.84015841892272	-49.11724449730494	0.21849719500006062	0.26739331397050214	0.12516421191985233	0.21026878540864372	16.9093375	0.32835816135084434	-0.06976695590994375	-0.3981251172607879	2.66541570122076	-0.3421750699253357	-3.0075907711460954	-0.24546102513475776	-0.13544220185694034	0.1712093012689802	-0.22314946273461644	18.19558750000001	0.35941277204502803	-0.9109857598499063	-1.270398531894934	3.0995171189297728	-3.416578823117223	-6.516095942046995	-0.7022116876200085	-0.727693070524373	0.11741809923197592	-0.6586757621141904	3.215292499999997	0.3532866932457785	-0.8971046622889307	-1.2503913555347093	3.074059681692637	-49.50904394182547	-52.5831036235181	-0.6913144777365402	-0.7178239635379016	0.028405536086664143	-0.6259352190192166	0.588572499999998
phase/rho_delta/cells/0_2	oat/rho=0.0	0.0	0.5	20	0.47301045028142596	0.8174023686679174	0.3443919183864916	-2.913040645549988	0.33935246720311235	3.2523931127531007	0.9402790213098108	0.9645484806338362	0.11213014706904567	0.811903790671981	17.773035	0.7185091885553472	0.7357248311444653	0.0172156425891182	-0.36347582348962537	-0.1762425173956868	0.1872333060939386	0.6215357751676354	0.6502778367910985	0.32698095251029224	0.5067594309296815	33.1704425	0.7274139399624766	0.003795839587242027	-0.7236181003752346	-0.05265819993405193	-4.304361813847724	-4.251703613913672	0.2413728865529705	0.24344880899144578	0.22414086644167014	0.18178947915342294	20.068444999999997	0.7225558724202626	0.013900253283302064	-0.7086556191369606	-0.07091266465488835	-70.62949307527705	-70.55858041062217	0.26419050401322886	0.2507647959057836	0.12431199079221109	0.22911347535149068	17.37009	0.2454987382739212	-0.08167753752345208	-0.3271762757973734	2.549564822060363	-0.5155949845987992	-3.065159806659162	-0.3187432461421754	-0.31427064384273773	0.21485080544124657	-0.3051443597422996	15.3974075	0.25440348968105064	-0.8136065290806753	-1.068010018761726	2.860382445615936	-4.643714281050837	-7.504096726666773	-0.6989061347568403	-0.7210996716423905	0.11201071937262447	-0.6301143115185581	2.295409999999997	0.24954542213883668	-0.8035021153846154	-1.0530475375234523	2.8421279808951	-70.96884554248017	-73.81097352337527	-0.6760885172965819	-0.7137836847280526	0.012181843723165414	-0.5827903153204903	-0.402944999999999
phase/rho_delta/cells/0_3	phase/rho_delta/cells/0_3	0.0	0.75	20	0.515982645403377	0.7606818433395872	0.24469919793621014	-2.966523328035974	-0.13635378318871888	2.8301695448472555	0.8987994041865923	0.908046013072676	0.11665637585085895	0.7770677586574146	18.6368525	0.6810131801125704	0.6781366322701687	-0.00287654784240149	-0.9754693526154764	-0.9039906717697092	0.07147868084576743	0.6502667355996186	0.543557032046871	0.3443795851125343	0.4482902740123224	30.990274999999997	0.6695377954971858	0.00916800187617261	-0.6603697936210133	-0.5278434665969314	-5.354375450061743	-4.826531983464811	0.2847130015957303	0.24729141586411524	0.21542236014020588	0.17944100921241662	20.150732499999997	0.6688792026266416	0.006798597560975611	-0.662080605065666	-0.5326262815573973	-86.7045453662951	-86.1719190847377	0.26945035915231497	0.2503109363885393	0.12243897326919942	0.24090375793560534	17.511905	0.16503053470919338	-0.08254521106941848	-0.24757574577861163	1.9910539754204977	-0.7676368885809903	-2.758690864001488	-0.24853266858697376	-0.36448898102580496	0.22772320926167536	-0.3287774846450922	12.353422499999997	0.15355515009380882	-0.7515138414634146	-0.9050689915572234	2.4386798614390424	-5.218021666873024	-7.656701528312066	-0.614086402590862	-0.6607545972085607	0.09876598428934694	-0.597626749444998	1.5138799999999968	0.15289655722326456	-0.7538832457786117	-0.9067798030018761	2.4338970464785765	-86.56819158310637	-89.00208862958495	-0.6293490450342774	-0.6577350766841367	0.005782597418340474	-0.5361640007218093	-1.124947500000001
phase/rho_delta/cells/0_4	phase/rho_delta/cells/0_4	0.0	1.0	20	0.4042822119122554	0.5703600007413263	0.16607778882907084	-3.386840221666273	-0.41668677430849643	2.9701534473577764	0.8494028961549228	0.8310973335616799	0.12660739364080276	0.7380212085229365	18.8775775	0.501545594496233	0.493971388805681	-0.007574205690552047	-1.6126468271977523	-1.66784206840425	-0.05519524120649819	0.6883202632978017	0.4889423843322736	0.3587722256908543	0.42421400513592633	29.779675000000005	0.479752347017559	0.006624409624523696	-0.4731279373930354	-1.0068648265668179	-6.807072538876701	-5.800207712309883	0.32274706168412337	0.24095731143966415	0.22482391280740877	0.18164464932734295	19.87177	0.47879273134238964	0.020234959194563952	-0.4585577721478257	-1.0161733582143229	-101.06687980019697	-100.05070644198264	0.36698795392507233	0.266204007675328	0.10482815198052076	0.2657702764539938	17.009202500000004	0.09726338258397765	-0.07638861193564533	-0.17365199451962288	1.7741933944685209	-1.2511552940957538	-3.0253486885642746	-0.1610826328571211	-0.3421549492294063	0.23216483205005156	-0.3138072033870102	10.902097500000004	0.07547013510530359	-0.5637355911168026	-0.6392057262221063	2.3799753950994553	-6.3903857645682045	-8.77036115966766	-0.5266558344707994	-0.5901400221220158	0.09821651916660601	-0.5563765591955936	0.9941925000000005	0.07451051943013426	-0.5501250415467623	-0.6246355609768965	2.3706668634519503	-100.65019302588847	-103.02085988934041	-0.4824149422298505	-0.564893325886352	-0.021779241660282	-0.4722509320689427	-1.8683749999999968
phase/rho_delta/cells/1_0	phase/rho_delta/cells/1_0	0.3	0.0	20	0.4642803854208122	0.9833866400401765	0.5191062546193643	-2.6050178510460613	0.6488433354116484	3.25386118645771	0.653464059389083	0.9915190142351522	0.09669018607044325	0.8392308164417447	15.910979999999999	0.8160810272045028	0.9129912382739211	0.09691021106941838	-0.1374726830987948	0.3369033964328508	0.47437607953164573	0.5071774875800135	0.9006267650426965	0.2611200386204556	0.6429380400467877	33.5646875	0.8405819652908066	0.07154628048780488	-0.7690356848030019	0.36100855053425923	-1.673194144654757	-2.0342026951890166	0.17554692775716702	0.3212958364081719	0.2149094820858807	0.15630357961575078	19.826712500000003	0.8332144793621014	0.08769165103189494	-0.7455228283302064	0.3463004778717195	-35.74022270015413	-36.08652317802585	0.18414546898429004	0.33537641574187416	0.12120183649512159	0.18570710222898384	16.51839	0.35180064178369064	-0.07039540176625536	-0.42219604354994594	2.4675451679472666	-0.3119399389787976	-2.779485106926064	-0.14628657180906957	-0.09089224919245575	0.16442985255001233	-0.196292776394957	17.6537075	0.37630157986999446	-0.9118403595523716	-1.288141939422366	2.9660264015803204	-2.322037480066405	-5.2880638816467265	-0.477917131631916	-0.6702231778269803	0.11821929601543746	-0.6829272368259939	3.9157325000000043	0.3689340939412892	-0.8956949890082816	-1.2646290829495708	2.9513183289177807	-36.389066035565776	-39.34038436448356	-0.46931859040479296	-0.656142598493278	0.024511650424678344	-0.6535237142127608	0.6074100000000016
phase/rho_delta/cells/1_1	phase/rho_delta/cells/1_1	0.3	0.25	20	0.43977769230769237	0.9117161538461538	0.47193846153846153	-2.6924654557859267	0.675765391940684	3.368230847726611	0.6630964218267172	0.9806533751738862	0.10200374039931989	0.8270775047110754	16.70389	0.768053536158963	0.8367754277294521	0.06872189157048914	-0.08571655478876208	0.32286000587485436	0.40857656066361636	0.49463696880718205	0.837447597373379	0.29294994039461	0.5875517449733965	35.953207500000005	0.7913715900562851	0.07151762664165104	-0.7198539634146341	0.28195258091011927	-2.47648384073163	-2.7584364216417496	0.1961484058531433	0.29343366333245047	0.22773440242006537	0.15542628900381555	20.595442499999997	0.7856864540337711	0.07702102720450281	-0.7086654268292683	0.2602773811977921	-45.34422433072546	-45.60450171192325	0.1714081924231103	0.29743248491277247	0.12434638864786662	0.18881173123122968	17.5492025	0.3282758438512706	-0.07494072611670166	-0.4032165699679724	2.6067489009971645	-0.3529053860658296	-2.9596542870629947	-0.1684594530195352	-0.14320577780050714	0.19094619999529008	-0.23952575973767898	19.249317500000004	0.35159389774859273	-0.8401985272045027	-1.1917924249530958	2.9744180366960458	-3.152249232672314	-6.126667269368361	-0.46694801597357394	-0.6872197118414357	0.12573066202074548	-0.6716512157072598	3.891552499999996	0.34590876172607876	-0.834695126641651	-1.1806038883677297	2.9527428369837185	-46.019989722666146	-48.972732559649856	-0.4916882294036069	-0.6832208902611137	0.02234264824854673	-0.6382657734798458	0.8453124999999986
phase/rho_delta/cells/1_2	oat/rho=0.3	0.3	0.5	20	0.46695524134402183	0.8136450772736747	0.34668983592965297	-2.8643961473325588	0.34558491945334435	3.209981066785903	0.6755046484145696	0.9558007210078898	0.11058718135930104	0.8053975942663121	17.6652825	0.7089162945590994	0.7317340337711069	0.022817739212007523	-0.4076240375846217	-0.1952984461931193	0.2123255913915024	0.47358027439359207	0.6742202526303763	0.3324009488481886	0.498033624512107	34.476442500000005	0.7256358067542213	0.09500496716697936	-0.6306308395872419	-0.015338696846417763	-3.7372165172307996	-3.721877820384382	0.20913912704311866	0.26938271568668826	0.2504762090647785	0.16099635203873192	21.401699999999998	0.7154303189493433	0.08993176829268293	-0.6254985506566604	-0.044281125384501116	-61.281221446644054	-61.23694032125953	0.21754161078493808	0.277789035432818	0.14005647131399832	0.1962828646381015	17.7999	0.2419610532150776	-0.08191104350256784	-0.32387209671764544	2.456772109747937	-0.5408833656464637	-2.9976554753944007	-0.20192437402097752	-0.2815804683775135	0.22181376748888756	-0.3073639697542051	16.811160000000005	0.2586805654101995	-0.7186401101066954	-0.9773206755168948	2.849057450486141	-4.082801436684144	-6.931858887170285	-0.46636552137145093	-0.6864180053212016	0.13988902770547748	-0.6444012422275802	3.736417499999998	0.24847507760532145	-0.7237133089809918	-0.9721883865863133	2.8201150219480575	-61.6268063660974	-64.44692138804544	-0.45796303762963153	-0.6780116855750717	0.029469289954697275	-0.6091147296282106	0.13461750000000094
phase/rho_delta/cells/1_3	phase/rho_delta/cells/1_3	0.3	0.75	20	0.4857018386491557	0.722985605065666	0.2372837664165103	-2.925026392882845	-0.11022603437281187	2.814800358510033	0.6370131491089797	0.9023519687617292	0.11838757449897548	0.7748173304071504	18.6421075	0.6469127251407129	0.6460725562851783	-0.0008401688555347106	-0.9386852380762905	-0.8878431744277823	0.050842063648508316	0.46036734279652675	0.5480639464069641	0.34977308345593555	0.4363315881079659	32.0046875	0.6378633911819886	0.10175140712945589	-0.5361119840525328	-0.498971542956444	-4.656276869061385	-4.15730532610494	0.22607290449249878	0.26627221562666087	0.2411452265539507	0.15418332930087972	20.913915	0.6385001031894934	0.12328841463414633	-0.5152116885553472	-0.48702589065078217	-74.04410936854323	-73.55708347789243	0.25602623766484656	0.28796174097276545	0.12500204579252266	0.22248301433575976	17.776895	0.16121088649155713	-0.07691304878048766	-0.238123935272045	1.9863411548065544	-0.7776171400549704	-2.7639582948615247	-0.1766458063124529	-0.3542880223547651	0.23138550895696008	-0.3384857422991845	13.362580000000001	0.15216155253283292	-0.6212341979362102	-0.7733957504690431	2.426054849926401	-4.546050834688573	-6.972105684614974	-0.4109402446164809	-0.6360797531350684	0.12275765205497523	-0.6206340011062706	2.2718074999999978	0.15279826454033762	-0.5996971904315197	-0.7524954549718574	2.4380005022320628	-73.93388333417042	-76.37188383640246	-0.3809869114441331	-0.6143902277889637	0.006614471293547183	-0.5523343160713906	-0.8652125000000019
phase/rho_delta/cells/1_4	phase/rho_delta/cells/1_4	0.3	1.0	20	0.3935230628517824	0.5471530628517824	0.15363000000000002	-3.2658893500272996	-0.43424145022048244	2.8316478998068164	0.6173183930085049	0.8345908640430503	0.12692265078222992	0.7393513659429362	19.284795	0.4861694606003753	0.47271818011257033	-0.013451280487804885	-1.544712250155971	-1.5474170592473617	-0.002704809091390695	0.5010100469496683	0.48962592919748166	0.3721701308836355	0.41148756618408394	30.1466075	0.48012130863039404	0.13452037054409005	-0.345600938086304	-0.8205498669602026	-5.261679947701283	-4.441130080741081	0.18526868117818657	0.25516520886822575	0.25185783181903776	0.15284306011001955	21.1566125	0.47790373358348964	0.16078634615384618	-0.3171173874296435	-0.8267188031512605	-88.33744256558812	-87.51072376243687	0.26432900327441045	0.278200614112004	0.11397734351374185	0.21890543285092656	17.569475000000004	0.0926463977485929	-0.07443488273921212	-0.1670812804878049	1.7211770998713287	-1.1131756090268792	-2.8343527088982072	-0.11630834605883655	-0.3449649348455686	0.24524748010140557	-0.3278637997588522	10.8618125	0.08659824577861164	-0.4126326923076924	-0.49923093808630403	2.445339483067097	-4.8274384974808005	-7.272777980547897	-0.4320497118303183	-0.5794256551748245	0.12493518103680784	-0.5865083058329166	1.8718175000000024	0.08438067073170724	-0.38636671669793626	-0.4707473874296435	2.4391705468760394	-87.90320111536764	-90.34237166224368	-0.35298938973409444	-0.5563902499310462	-0.012945307268488068	-0.5204459330920096	-1.7153199999999948
phase/rho_delta/cells/2_0	oat/delta=0.0	0.5	0.0	20	0.4594645075046905	0.9830890900562853	0.5236245825515946	-2.4749801464154357	0.7336957981499489	3.2086759445653845	0.5462220009705732	0.984999543835616	0.10124393166353456	0.806990682017547	16.808687499999998	0.8128811380692478	0.9055870296302613	0.09270589156101351	-0.05392047429606528	0.48437810190677216	0.5382985762028374	0.4497556909103091	0.8784298525597862	0.29620660225244566	0.5648447252822215	37.3895925	0.8184353237819092	0.25171654201489563	-0.5667187817670135	0.27648022880043077	-1.2248699928809983	-1.5013502216814292	0.21448515128000656	0.40667531838058785	0.23778144727399955	0.12545624527868338	22.358920000000005	0.7974099390243902	0.24416249999999998	-0.5532474390243902	0.20354707057314597	-30.508194992885517	-30.71174206345866	0.24919426793983462	0.42765528960716725	0.11574858431006443	0.16892334453029498	16.890795000000004	0.3534166305645573	-0.07750206042602403	-0.4309186909905811	2.4210596721193705	-0.24931769624317673	-2.670377368362547	-0.09646631006026407	-0.10656969127582983	0.1949626705889111	-0.24214595673532546	20.580905	0.3589708162772187	-0.7313725480413897	-1.090343364318608	2.7514603752158666	-1.958565791030947	-4.710026166246814	-0.3317368496905666	-0.5783242254550283	0.136537515610465	-0.6815344367388636	5.550232500000007	0.3379454315196997	-0.7389265900562854	-1.0768720215759848	2.6785272169885816	-31.241890791035466	-33.92041800802404	-0.29702773303073854	-0.5573442542284488	0.014504652646529878	-0.638067337487252	0.08210750000000644
phase/rho_delta/cells/2_1	oat/delta=0.25	0.5	0.25	20	0.4491126048003487	0.9206359788314666	0.4715233740311179	-2.528687921482764	0.7036291464057947	3.232317067888558	0.5474174438410351	0.971501305998617	0.10583191294331314	0.8102346071090585	17.1795525	0.7689696045824094	0.8404130396365153	0.07144343505410577	-0.07704351517798154	0.36016137618935745	0.4372048913673391	0.4365450996526343	0.8197671969058709	0.3187936271806425	0.5360833495715103	38.0609625	0.7743956365721	0.22113377437603052	-0.5532618621960694	0.17858914308125462	-1.592533458201744	-1.7711226012829986	0.20351774095083291	0.37453582746000047	0.2523418022731154	0.13401888173034937	23.03551	0.7573685694183865	0.24081218574108823	-0.5165563836772982	0.10362909687512796	-37.21435962982181	-37.31798872669694	0.23674135629433085	0.4065327943864383	0.10866974158808754	0.17158757992645976	17.5163175	0.31985699978206067	-0.08022293919495138	-0.4000799389770121	2.4516444063047826	-0.3434677702164372	-2.795112176521219	-0.11087234418840075	-0.1517341090927461	0.2129617142373294	-0.2741512575375482	20.881410000000002	0.3252830317717513	-0.6995022044554361	-1.0247852362271872	2.7072770645640185	-2.296162604607539	-5.003439669171557	-0.34389970289020216	-0.5969654785386165	0.1465098893298023	-0.6762157253787091	5.855957499999999	0.3082559646180378	-0.6798237930903784	-0.988079757708416	2.632317018357892	-37.9179887762276	-40.5503057945855	-0.3106760875467042	-0.5649685116121786	0.002837828644774401	-0.6386470271825987	0.33676499999999976
phase/rho_delta/cells/2_3	oat/delta=0.75	0.5	0.75	20	0.4611806425891182	0.7123033255159474	0.2511226829268293	-2.742911627364193	0.028245184719241773	2.7711568120834342	0.5186812483379677	0.9053079674071831	0.11910834981049685	0.7682554348595528	18.771642500000002	0.6283860600375235	0.6253674530956848	-0.003018606941838648	-0.7787576148507938	-0.7441266608806121	0.03463095397018163	0.3965325816758676	0.5889513220827474	0.3590625785386156	0.42957146127089807	34.2501975	0.6203200328330205	0.2777330440900563	-0.34258698874296434	-0.3801383660257519	-2.105100215340367	-1.7249618493146148	0.1776397735383733	0.3261149795872902	0.2557505108875092	0.135102372181295	22.719385000000003	0.6182834333958724	0.2782244652908067	-0.3400589681050657	-0.3994570291495721	-47.42757804422395	-47.02812101507436	0.14922978690761968	0.3286799762720066	0.12779855439162258	0.17791680743774893	18.696522499999997	0.16720541744840534	-0.08693587242026268	-0.25414128986866796	1.9641540125133992	-0.7723718455998538	-2.7365258581132528	-0.12214866666210011	-0.31635664532443575	0.23995422872811878	-0.33868397358865476	15.478554999999997	0.15913939024390233	-0.43457028142589116	-0.5937096716697936	2.362773261338441	-2.133345400059609	-4.496118661398049	-0.3410414747995944	-0.5791929878198929	0.13664216107701238	-0.6331530626782578	3.9477425000000004	0.15710279080675427	-0.43407886022514075	-0.591181651031895	2.343454598214621	-47.45582322894319	-49.799277827157795	-0.369451461430348	-0.5766279911351765	0.008690204581125724	-0.5903386274218039	-0.0751200000000054
phase/rho_delta/cells/2_4	oat/delta=1.0	0.5	1.0	20	0.4180030769230769	0.5853480300187618	0.1673449530956848	-2.9261930199224446	-0.3067405933662736	2.619452426556171	0.4915273186491632	0.8512149981914531	0.12904131727912221	0.7398433577666562	19.403312500000006	0.5202762898686679	0.510878897748593	-0.009397392120075055	-1.311152626299246	-1.1946937013793426	0.11645892491990324	0.4069617033693169	0.5149804104920694	0.37288920308281714	0.40372181988204564	31.612042499999994	0.5123836960600375	0.2969132692307693	-0.21547042682926829	-0.705888436762778	-2.415858837233621	-1.709970400470843	0.17162483947868815	0.3169411649061809	0.264461899423231	0.12270692442796512	23.335252500000003	0.5125038789868668	0.27619316604127575	-0.23631071294559094	-0.7170844665420539	-54.925411172218205	-54.20832670567616	0.1773787684491827	0.3261456122660545	0.13316060189787865	0.1891979648380023	18.3696525	0.102273212945591	-0.07446913227016883	-0.17674234521575988	1.6150403936231987	-0.887953108013069	-2.502993501636268	-0.0845656152798463	-0.33623458769938364	0.24384788580369493	-0.3361215378846106	12.208729999999989	0.09438061913696061	-0.2884347607879925	-0.38281537992495307	2.220304583159667	-2.1091182438673477	-4.329422827027014	-0.3199024791704751	-0.5342738332852721	0.1354205821441088	-0.6171364333386911	3.9319399999999973	0.09450080206378986	-0.30915486397748604	-0.4036556660412758	2.209108553380391	-54.61867057885193	-56.82777913223233	-0.3141485501999805	-0.5250693859253985	0.004119284618756436	-0.5506453929286539	-1.0336600000000047
phase/rho_delta/cells/3_0	phase/rho_delta/cells/3_0	0.7	0.0	20	0.4470302310155968	0.9793069938124205	0.5322767627968237	-2.476148247478692	0.698949562012354	3.175097809491046	0.4170978232744823	0.9465820655117538	0.12001088848524308	0.6698648209300242	19.054705	0.8070285135141668	0.8777320460366191	0.07070353252245241	-0.025246584145141825	0.4853571546153833	0.5106037387605253	0.40977870811327427	0.8336996466709327	0.3799552459902563	0.35521153793129623	44.080555000000004	0.7590916393295052	0.5929466887922376	-0.1661449505372676	-0.1400451270344731	-0.9430560565527198	-0.8030109295182468	0.28520706239730326	0.6240980206478184	0.25419491831178564	0.09592040431291111	28.604945000000004	0.70170294047416	0.5719878622529232	-0.12971507822123676	-0.4337290450462586	-13.800687644258057	-13.366958599211795	0.27564928790916665	0.6378412693083877	0.09983972559889658	0.15620227543238902	17.247752499999997	0.35999828249857	-0.10157494777580134	-0.46157323027437125	2.4509016633335503	-0.21359240739697072	-2.6644940707305205	-0.007319115161208034	-0.11288241884082117	0.2599443575050132	-0.31465328299872797	25.025850000000005	0.3120614083139084	-0.3863603050201829	-0.6984217133340913	2.336103120444219	-1.642005618565074	-3.9781087390092926	-0.13189076087717905	-0.32248404486393545	0.13418402982654257	-0.573944416617113	9.550240000000006	0.25467270945856324	-0.4073191315594973	-0.6619918410180604	2.0424192024324332	-14.49963720627041	-16.54205640870284	-0.14144853536531565	-0.30874079620336614	-0.020171162886346503	-0.5136625454976351	-1.8069525000000013
phase/rho_delta/cells/3_1	phase/rho_delta/cells/3_1	0.7	0.25	20	0.45303034240150086	0.94519132739212	0.49216098499061917	-2.379003855935747	0.7002587734667168	3.0792626294024643	0.4265038392374957	0.9429609705827007	0.12573731288934284	0.6874365722522194	19.056107500000003	0.7779127610533098	0.8448582220895634	0.06694546103625372	-0.03564217249543715	0.4146587328701895	0.4503009053656267	0.41184734871758283	0.802219194131389	0.3760688063479431	0.35184616586522166	43.576925	0.7251778799249531	0.5979158864915572	-0.12726199343339592	-0.2262485075555718	-0.9680102122622678	-0.7417617047066959	0.294060998656755	0.631578443067075	0.2501601578027278	0.09001219649844658	28.549132499999995	0.6658565712945591	0.5723772467166979	-0.09347932457786115	-0.4869228566957662	-15.09389755057214	-14.606974693876376	0.2969233011876646	0.6625263323408422	0.0973537720161621	0.1460594791708027	17.351634999999998	0.3248824186518089	-0.10033310530255657	-0.42521552395436546	2.34336168344031	-0.2856000405965273	-2.6289617240368375	-0.014656490519912857	-0.1407417764513117	0.2503314934586003	-0.3355904063869978	24.5208175	0.2721475375234522	-0.3472754409005627	-0.6194229784240151	2.1527553483801753	-1.6682689857289845	-3.8210243341091603	-0.13244284058074068	-0.3113825275156257	0.12442284491338498	-0.5974243757537728	9.493024999999992	0.21282622889305824	-0.3728140806754221	-0.5856403095684803	1.892080999239981	-15.794156324038857	-17.68623732327884	-0.1295805380498311	-0.28043463824185844	-0.028383540873180735	-0.5413770930814168	-1.704472500000005
phase/rho_delta/cells/3_2	oat/rho=0.7	0.7	0.5	20	0.46467443714821766	0.8616609521575986	0.39698651500938087	-2.261877418916731	0.5733873537576827	2.835264772674414	0.4319759438241221	0.9270915245858597	0.12243997246743868	0.7133013711141922	19.258385	0.7302400938086303	0.7715633677298313	0.04132327392120077	-0.11467711396991806	0.1708903350332198	0.28556744900313785	0.40415672312591705	0.7411926351535557	0.38191786379275083	0.36291861392872027	42.3348925	0.6848964024390243	0.5764948170731707	-0.10840158536585368	-0.28692897226468955	-1.0401172786559596	-0.7531883063912699	0.25385440853120084	0.5888039834904741	0.25383587994050366	0.09294891058115844	28.903729999999996	0.6330414727954972	0.5711469465290807	-0.06189452626641652	-0.5600274166541411	-13.406157266777559	-12.846129850123415	0.22645005565602938	0.6361986503146551	0.09904876325951836	0.15255811982842296	17.4780625	0.26556565666041265	-0.09009758442776739	-0.3556632410881801	2.1472003049468134	-0.40249701872446286	-2.549697323671276	-0.027819220698205027	-0.18589888943230404	0.2594778913253122	-0.35038275718547196	23.0765075	0.22022196529080662	-0.2851661350844279	-0.5053881003752345	1.9749484466520417	-1.6135046324136422	-3.5884530790656837	-0.17812153529292124	-0.3382875410953856	0.13139590747306498	-0.6203524605330338	9.645344999999995	0.1683670356472795	-0.2905140056285179	-0.4588810412757974	1.70185000226259	-13.979544620535242	-15.681394622797828	-0.2055258881680927	-0.2908928742712047	-0.023391209207920316	-0.5607432512857693	-1.7803225000000005
phase/rho_delta/cells/3_3	phase/rho_delta/cells/3_3	0.7	0.75	20	0.4522140712945591	0.769126904315197	0.31691283302063794	-2.313858191016688	0.33215538379700493	2.6460135748136926	0.45667654288260257	0.9178724071167963	0.12180040237046155	0.7282950433362362	19.251714999999997	0.6708570262664165	0.6856988273921201	0.01484180112570358	-0.34027123506163304	-0.149628043374261	0.19064319168737204	0.3829764895910008	0.6748500309632959	0.38589873431555616	0.3618510269981366	40.179975	0.6108408583489681	0.5589431472795497	-0.051897711069418394	-0.5086083490924951	-1.052576629710599	-0.5439682806181041	0.22285764859224141	0.5783663219678179	0.2721142424534002	0.0902292792113602	29.38331	0.5680839681050657	0.5641043621013133	-0.003979606003752361	-0.7469222439095575	-11.823037597486046	-11.076115353576487	0.1844946338683122	0.6440069282608256	0.10246739411749736	0.1525518599428893	17.695725000000003	0.21864295497185743	-0.08342807692307697	-0.30207103189493434	1.973586955955055	-0.48178342717126593	-2.4553703831263207	-0.07370005329160179	-0.24302237615350042	0.2640983319450946	-0.3664440163380996	20.92826	0.15862678705440897	-0.2101837570356473	-0.3688105440900563	1.805249841924193	-1.384732013507604	-3.189981855431797	-0.23381889429036115	-0.3395060851489784	0.15031384008293866	-0.6380657641248759	10.131595000000004	0.11586989681050658	-0.20502254221388372	-0.3208924390243903	1.5669359471071305	-12.15519298128305	-13.72212892839018	-0.2721819090142904	-0.2738654788559707	-0.01933300825296419	-0.5757431833933468	-1.5559899999999942
phase/rho_delta/cells/3_4	phase/rho_delta/cells/3_4	0.7	1.0	20	0.43866700281425886	0.6725032739212008	0.23383627110694186	-2.2999396290835157	0.09587534107767132	2.3958149701611875	0.4581928500935774	0.8861582780357411	0.1272327207079766	0.7214518128876432	19.605459999999997	0.5997327298311445	0.6006824671669795	0.0009497373358348944	-0.6460126739324146	-0.49265727515602675	0.15335539877638799	0.3777621565123015	0.6225562217073464	0.39023993556642667	0.3649031336627261	37.7112575	0.5512306144465291	0.5321362617260788	-0.019094352720450253	-0.7341824016804978	-1.0809875534284796	-0.34680515174798177	0.1742279980242643	0.5502628112293412	0.2674666566159091	0.09132106224400202	28.870604999999994	0.49880347091932453	0.5488436397748593	0.05004016885553473	-0.9671359545646423	-9.863163210323023	-8.89602725575838	0.12895495055700057	0.6514618955596203	0.09882898483369704	0.14359271870374118	17.5431625	0.1610657270168856	-0.07182080675422131	-0.23288653377110696	1.653926955151101	-0.5885326162336981	-2.2424595713847997	-0.08043069358127591	-0.26360205632839473	0.2630072148584501	-0.35654867922491706	18.105797500000005	0.11256361163227024	-0.14036701219512204	-0.2529306238273921	1.5657572274030178	-1.176862894506151	-2.7426201219091695	-0.2839648520693131	-0.3358954668063999	0.14023393590793254	-0.6301307506436411	9.265144999999997	0.06013646810506568	-0.12365963414634151	-0.18379610225140713	1.3328036745188734	-9.959038551400694	-11.291842225919567	-0.32923789953657684	-0.2346963824761208	-0.02840373587427955	-0.5778590941839019	-2.062297499999996
phase/rho_delta/cells/4_0	phase/rho_delta/cells/4_0	0.85	0.0	20	0.4005198827392119	0.97801138836773	0.5774915056285179	-2.8186016069296183	0.5933835427152266	3.4119851496448446	0.36974748365504667	0.9391980230144457	0.1483861372957901	0.3348371593938755	22.20055	0.7901111772983114	0.8682589212007503	0.078147743902439	-0.15877200062034766	0.47632546322429825	0.6350974638446458	0.3904212835531477	0.8102759691882095	0.44170311142944196	0.12910436945692755	49.710945	0.6597022185741088	0.8509988930581611	0.1912966744840525	-0.9385620922978084	-1.7379072813891443	-0.7993451890913361	0.3057768587049666	0.8364337108916262	0.23858658795274526	0.08440331279710042	33.1484025	0.4615054502814259	0.8723288320825515	0.4108233818011257	-2.2212248080741284	-1.786688388046254	0.4345364200278746	0.33920808170128236	0.8933118364188187	0.08341499424269033	0.16775397951671506	15.380910000000004	0.38959129455909947	-0.10975246716697973	-0.4993437617260789	2.6598296063092706	-0.11705807949092839	-2.7768876858001987	0.02067379989810103	-0.12892205382623612	0.2933169741336519	-0.20573278993694794	27.510395000000003	0.2591823358348969	-0.12701249530956893	-0.3861948311444654	1.8800395146318098	-2.331290824104371	-4.211330338736181	-0.06397062495008005	-0.10276431212281945	0.09020045065695517	-0.25043384659677503	10.947852500000003	0.060985567542214014	-0.10568255628517853	-0.1666681238273922	0.5973767988554899	-2.380071930761481	-2.97744872961697	-0.03053940195376431	-0.04588618659562693	-0.06497114305309976	-0.16708317987716043	-6.819639999999996
phase/rho_delta/cells/4_1	phase/rho_delta/cells/4_1	0.85	0.25	20	0.3978207504690432	0.9685689165103192	0.5707481660412758	-2.805641861253952	0.6296722872031455	3.4353141484570977	0.3837544308731519	0.9481077089697866	0.14436843884284783	0.36462490205767184	21.5328625	0.7812322138836774	0.8609372373358349	0.0797050234521576	-0.1424360176128044	0.45221513881830655	0.5946511564311109	0.3861027024620086	0.7988406049717394	0.43981722516463045	0.143629714331049	49.757790000000014	0.6614373123827392	0.8500306707317075	0.18859335834896812	-0.8890737691639805	-1.6521908737191608	-0.7631171045551806	0.3043839009385991	0.8277417945974286	0.2741252676028164	0.08288975960204269	33.8359575	0.4600581754221388	0.8740515712945591	0.41399339587242023	-2.1929491561507213	-1.5234545607001206	0.6694945954506009	0.33861095969203275	0.8907567450559682	0.08799337777569205	0.16804903426719756	15.5569525	0.38341146341463417	-0.10763167917448424	-0.4910431425891182	2.6632058436411477	-0.17745714838483895	-2.8406629920259867	0.0023482715888566985	-0.1492671039980472	0.2954487863217826	-0.22099518772662283	28.224927500000014	0.263616561913696	-0.11853824577861172	-0.38215480769230764	1.9165680920899717	-2.281863160922306	-4.198431253012278	-0.07937052993455285	-0.120365914372358	0.12975682875996858	-0.28173514245562914	12.303094999999999	0.06223742495309559	-0.09451734521576005	-0.15675477016885553	0.6126927051032309	-2.153126847903266	-2.765819553006497	-0.045143471181119166	-0.05735096391381833	-0.056375061067155785	-0.19657586779047428	-5.975910000000001
phase/rho_delta/cells/4_2	oat/rho=0.85	0.85	0.5	20	0.4101787429643527	0.9454198170731708	0.5352410741088179	-2.561957661939501	0.6613586058653542	3.2233162678048557	0.35577050537264826	0.932452031742398	0.14048630001652537	0.3768036847900484	20.905535	0.7675597091932458	0.8431685412757972	0.0756088320825516	-0.11360763040332822	0.43673025177868385	0.5503378821820122	0.3814024452568219	0.790774549446507	0.43842494930400927	0.15317310934587433	48.4699475	0.6330280675422139	0.8386434568480301	0.20561538930581613	-0.920828776959242	-1.6320048604998738	-0.7111760835406317	0.2970031316860114	0.814058026156275	0.27174449207020074	0.08057261372828986	33.7703925	0.4634510225140713	0.8694480393996248	0.4059970168855534	-2.047622189989157	-1.3246146674620822	0.7230075225270751	0.2829879709907919	0.8703376452630579	0.09592860067971384	0.16222190147353072	16.0726425	0.3573809662288931	-0.10225127579737359	-0.45963224202626635	2.448350031536173	-0.22462835408667037	-2.6729783856228435	0.025631939884173616	-0.14167748229589094	0.2979386492874839	-0.22363057544417406	27.564412500000003	0.22284932457786116	-0.1067763602251407	-0.3296256848030018	1.641128884980259	-2.293363466365228	-3.9344923513454875	-0.05876737368663687	-0.11839400558612301	0.13125819205367537	-0.2962310710617585	12.8648575	0.05327227954971858	-0.07597177767354601	-0.12924405722326454	0.5143354719503441	-1.9859732733274365	-2.5003087452777804	-0.07278253438185633	-0.06211438647934009	-0.04455769933681153	-0.21458178331651767	-4.8328925
phase/rho_delta/cells/4_3	phase/rho_delta/cells/4_3	0.85	0.75	20	0.417903681988743	0.9128325422138837	0.4949288602251407	-2.388095574093679	0.6305466599603252	3.0186422340540044	0.36662131508747947	0.9190306139744131	0.137669590606692	0.44405912385743224	20.69735	0.7374790853658536	0.8091268574108819	0.07164777204502812	-0.15613256104239234	0.3398698773263591	0.49600243836875146	0.38048900087221477	0.7555020198038508	0.43821211238097935	0.17498805044083457	47.001644999999996	0.6035334099437148	0.8256551923076924	0.22212178236397748	-0.9492054571657578	-1.593503308234541	-0.6442978510687832	0.26809179538151523	0.789855990530589	0.2734076991013311	0.08388390206973252	33.42133499999999	0.45123520168855535	0.8517939962476546	0.40055879455909943	-1.995983363732277	-1.1075889884224588	0.8883943753098184	0.28517630842617014	0.8811186266180343	0.0928590772544582	0.16123145910581999	15.726544999999998	0.3195754033771106	-0.1037056848030018	-0.42328108818011256	2.2319630130512866	-0.2906767826339661	-2.522639795685253	0.013867685784735295	-0.1635285941705623	0.3005425217742873	-0.26907107341659764	26.304294999999996	0.18562972795497185	-0.0871773499061913	-0.2728070778611632	1.4388901169279213	-2.224049968194866	-3.662940085122788	-0.09852951970596424	-0.12917462344382413	0.1357381084946391	-0.36017522178769973	12.723984999999992	0.03333151969981235	-0.06103854596622904	-0.09437006566604128	0.3921122103614021	-1.7381356483827841	-2.130247858744186	-0.08144500666130933	-0.037911987356378796	-0.04481051335223381	-0.28282766475161225	-4.970805000000002
phase/rho_delta/cells/4_4	phase/rho_delta/cells/4_4	0.85	1.0	20	0.42492895403377107	0.8699695590994372	0.445040605065666	-2.22465091947769	0.5534759012798589	2.778126820757549	0.3661989340069932	0.9095302965509278	0.13593742675267503	0.4806806838664362	20.590317499999998	0.712286064727955	0.7744214587242026	0.062135393996247644	-0.17340740703667784	0.2088290420045314	0.3822364490412093	0.36234883181437444	0.7336563511859981	0.443347301462336	0.19237777465500044	46.91457749999999	0.6011863602251407	0.8120071060037523	0.21082074577861162	-0.8615957446159352	-1.6306914242957695	-0.7690956796798345	0.2507579610642577	0.7671351742442412	0.2770111328986374	0.08259614072456097	33.55725	0.4148184756097561	0.8322456472795497	0.41742717166979365	-2.069762701741136	-0.9339803462715504	1.1357823554695865	0.3387914287361614	0.884177764680229	0.09095799780707774	0.15711973465260018	16.674905000000003	0.2873571106941839	-0.09554810037523453	-0.3829052110694184	2.051243512441012	-0.3446468592753275	-2.3958903717163396	-0.003850102192618776	-0.17587394536492962	0.30740987470966097	-0.28830290921143575	26.324259999999995	0.17625740619136965	-0.05796245309568493	-0.23421985928705438	1.3630551748617548	-2.184167325575628	-3.5472225004373836	-0.11544097294273553	-0.1423951223066866	0.14107370614596235	-0.39808454314187525	12.966932500000006	-0.010110478424014968	-0.037723911819887435	-0.027613433395872355	0.1548882177365538	-1.4874562475514093	-1.6423444652879624	-0.0274075052708318	-0.025352531870698747	-0.0449794289455973	-0.32356094921383605	-3.915412499999995
phase/rho_delta/cells/5_0	oat/rho=1.0	1.0	0.5	20	0.2919946529080676	0.9842761397748593	0.6922814868667917	-3.5710233136586176	0.45826347184190697	4.029286785500526	0.43023582341589883	0.9841970324572552	0.1538152699111828	0.1403586080990143	23.3579675	0.7732479737335836	0.8928931472795497	0.11964517354596622	-0.35526543616647743	0.56478852666779	0.9200539628342674	0.3499317947123378	0.8387429008092365	0.4282172295884844	0.08680442479453461	51.9476625	0.570284071294559	0.9472508536585366	0.3769667823639774	-1.6288249169077367	-2.1600477049112654	-0.531222788003529	0.3178804155513605	0.9264855436499847	0.28257470166939913	0.08554345738744792	35.628115	0.17763260787992494	0.9986035881801125	0.8209709803001874	-4.271704204754874	0.9975265150583308	5.269230719813204	0.5493869723684761	0.9926156409150249	0.09832009135089222	0.18135422908366255	15.1264075	0.481253320825516	-0.09138299249530957	-0.5726363133208254	3.2157578774921403	0.10652505482588304	-3.1092328226662582	-0.08030402870356101	-0.14545413164801868	0.27440195967730163	-0.05355418330447968	28.589695	0.27828941838649146	-0.03702528611632272	-0.3153147045028143	1.942198396750881	-2.6183111767531724	-4.560509573504055	-0.11235540786453835	-0.057711488807270506	0.12875943175821633	-0.05481515071156637	12.2701475	-0.11436204502814265	0.01432744840525324	0.12868949343339575	-0.7006808910962565	0.5392630432164238	1.2399439343126781	0.11915114895257728	0.00841860845776965	-0.055495178560290584	0.04099562098464826	-8.231560000000002
